b3001,b3002,b3003,b3004,b3005,b3006,b3007,b3008,b3009,b3010,b3011,b3012,b3013,x,y
-200,-200,-200,-200,-200,-78,-200,-200,-200,-200,-200,-200,-200,15,2
-200,-200,-200,-200,-200,-78,-200,-200,-200,-200,-200,-200,-200,16,1
-200,-200,-200,-200,-200,-77,-200,-200,-200,-200,-200,-200,-200,16,1
-200,-200,-200,-200,-200,-77,-200,-200,-200,-200,-200,-200,-200,16,1
-200,-200,-200,-200,-200,-77,-200,-200,-200,-200,-200,-200,-200,16,1
-200,-200,-82,-200,-200,-200,-200,-200,-200,-200,-200,-200,-200,16,1
-200,-200,-80,-200,-200,-77,-200,-200,-200,-200,-200,-200,-200,16,1
-200,-200,-86,-200,-200,-200,-200,-200,-200,-200,-200,-200,-200,16,2
-200,-200,-200,-75,-200,-200,-200,-200,-200,-200,-200,-200,-200,18,1
-200,-200,-200,-75,-200,-200,-200,-200,-200,-200,-200,-200,-200,18,1
-200,-200,-200,-80,-200,-200,-200,-200,-200,-200,-200,-200,-200,18,1
-200,-200,-200,-78,-200,-200,-200,-200,-200,-200,-200,-200,-200,18,1
-200,-200,-200,-78,-200,-200,-200,-200,-200,-200,-200,-200,-200,18,1
-200,-200,-200,-78,-200,-200,-200,-200,-200,-200,-200,-200,-200,18,2
-200,-200,-200,-76,-200,-200,-200,-200,-200,-200,-200,-200,-200,18,2
-200,-200,-200,-78,-200,-200,-200,-200,-200,-200,-200,-200,-200,18,2
-200,-200,-200,-74,-200,-200,-200,-200,-200,-200,-200,-200,-200,18,2
-200,-200,-200,-76,-200,-200,-200,-200,-200,-200,-200,-200,-200,18,2
-200,-200,-200,-72,-200,-200,-200,-200,-200,-200,-200,-200,-200,18,2
-200,-200,-200,-78,-200,-200,-200,-200,-200,-200,-200,-200,-200,18,2
-200,-200,-200,-70,-200,-200,-200,-200,-200,-200,-200,-200,-200,18,2
-200,-200,-200,-69,-200,-200,-200,-200,-200,-200,-200,-200,-200,18,2
-200,-200,-200,-74,-200,-200,-200,-200,-200,-200,-200,-200,-200,19,1
-200,-200,-200,-76,-200,-200,-200,-200,-200,-200,-200,-200,-200,19,1
-200,-200,-200,-76,-200,-200,-200,-200,-200,-200,-200,-200,-200,19,1
-200,-200,-200,-73,-200,-200,-200,-200,-200,-200,-200,-200,-200,19,1
-200,-200,-200,-74,-200,-200,-200,-200,-200,-200,-200,-200,-200,19,1
-200,-200,-200,-78,-200,-200,-200,-200,-200,-200,-200,-200,-200,19,1
-200,-200,-200,-78,-200,-200,-200,-200,-200,-200,-200,-200,-200,19,1
-200,-200,-200,-77,-200,-200,-200,-200,-200,-200,-200,-200,-200,19,1
-200,-200,-200,-78,-200,-200,-200,-200,-200,-200,-200,-200,-200,19,1
-200,-200,-200,-79,-200,-200,-200,-200,-200,-200,-200,-200,-200,19,1
-200,-200,-200,-72,-200,-200,-200,-200,-200,-200,-200,-200,-200,19,2
-200,-200,-200,-74,-200,-200,-200,-200,-200,-200,-200,-200,-200,19,2
-200,-200,-200,-71,-200,-200,-200,-200,-200,-200,-200,-200,-200,19,2
-200,-200,-200,-76,-200,-200,-200,-200,-200,-200,-200,-200,-200,19,2
-200,-200,-200,-75,-200,-200,-200,-200,-200,-200,-200,-200,-200,19,2
-200,-200,-200,-74,-200,-200,-200,-200,-200,-200,-200,-200,-200,19,2
-200,-200,-200,-78,-200,-200,-200,-200,-200,-200,-200,-200,-200,19,2
-200,-200,-200,-79,-200,-200,-200,-200,-200,-200,-200,-200,-200,20,1
-200,-200,-200,-80,-200,-200,-200,-200,-200,-200,-200,-200,-200,20,1
-200,-86,-200,-200,-200,-200,-200,-200,-200,-200,-200,-200,-200,21,2
-200,-200,-200,-80,-200,-200,-200,-200,-200,-200,-200,-200,-200,21,1
-200,-200,-88,-81,-200,-200,-200,-200,-200,-200,-200,-200,-200,21,1
-200,-200,-200,-81,-200,-200,-200,-200,-200,-200,-200,-200,-200,21,1
-200,-200,-200,-79,-200,-200,-200,-200,-200,-200,-200,-200,-200,21,1
-200,-200,-200,-77,-200,-200,-200,-200,-200,-200,-200,-200,-200,21,2
-200,-63,-200,-200,-200,-200,-200,-200,-200,-200,-200,-200,-200,10,3
-200,-64,-200,-200,-200,-200,-200,-200,-200,-200,-200,-200,-200,10,3
-200,-62,-200,-200,-200,-200,-200,-200,-200,-200,-200,-200,-200,10,3
-200,-63,-81,-200,-200,-200,-200,-200,-200,-200,-200,-200,-200,10,3
-200,-63,-76,-200,-200,-200,-200,-200,-200,-200,-200,-200,-200,10,3
-200,-80,-200,-200,-200,-200,-200,-200,-200,-200,-200,-200,-200,11,3
-200,-200,-83,-200,-200,-200,-200,-200,-200,-200,-200,-200,-200,11,3
-200,-72,-200,-200,-200,-200,-200,-200,-200,-200,-200,-200,-200,11,3
-200,-200,-79,-200,-200,-200,-200,-200,-200,-200,-200,-200,-200,11,3
-200,-72,-82,-200,-200,-200,-200,-200,-200,-200,-200,-200,-200,11,3
-200,-200,-82,-200,-200,-77,-200,-200,-200,-200,-200,-200,-200,11,3
-200,-75,-77,-200,-200,-200,-200,-200,-200,-200,-200,-200,-200,11,3
-200,-77,-200,-200,-200,-200,-200,-200,-200,-200,-200,-200,-200,11,3
-200,-76,-78,-200,-200,-200,-200,-200,-200,-200,-200,-200,-200,12,3
-200,-76,-79,-200,-200,-200,-200,-200,-200,-200,-200,-200,-200,12,3
-200,-77,-200,-200,-200,-200,-200,-200,-200,-200,-200,-200,-200,12,3
-200,-77,-80,-200,-200,-200,-200,-200,-200,-200,-200,-200,-200,12,3
-200,-75,-75,-200,-81,-200,-200,-200,-200,-200,-200,-200,-200,12,3
-200,-78,-75,-200,-200,-200,-200,-200,-200,-200,-200,-200,-200,12,3
-200,-200,-65,-200,-200,-77,-200,-200,-200,-200,-200,-200,-200,13,3
-200,-200,-66,-200,-80,-75,-200,-200,-200,-200,-200,-200,-200,13,3
-200,-200,-64,-200,-200,-71,-200,-200,-200,-200,-200,-200,-200,13,3
-200,-200,-64,-200,-200,-71,-200,-200,-200,-200,-200,-200,-200,13,3
-200,-200,-70,-200,-200,-72,-200,-200,-200,-200,-200,-200,-200,13,3
-200,-200,-74,-200,-200,-72,-200,-200,-200,-200,-200,-200,-200,13,3
-200,-200,-70,-200,-81,-77,-200,-200,-200,-200,-200,-200,-200,14,3
-200,-200,-72,-200,-82,-75,-200,-200,-200,-200,-200,-200,-200,14,3
-200,-200,-75,-82,-200,-74,-200,-200,-200,-200,-200,-200,-200,14,3
-200,-200,-69,-200,-200,-75,-200,-200,-200,-200,-200,-200,-200,14,3
-200,-200,-71,-200,-200,-76,-200,-200,-200,-200,-200,-200,-200,14,3
-200,-200,-81,-200,-200,-76,-200,-200,-200,-200,-200,-200,-200,14,3
-200,-200,-76,-200,-200,-70,-200,-200,-200,-200,-200,-200,-200,15,3
-200,-200,-200,-77,-200,-200,-200,-200,-200,-200,-200,-200,-200,15,3
-200,-200,-78,-79,-200,-200,-200,-200,-200,-200,-200,-200,-200,15,3
-200,-200,-82,-73,-200,-200,-200,-200,-200,-200,-200,-200,-200,16,3
-200,-200,-80,-74,-200,-200,-200,-200,-200,-200,-200,-200,-200,16,3
-200,-200,-83,-200,-200,-200,-200,-200,-200,-200,-200,-200,-200,16,3
-200,-200,-82,-81,-200,-200,-200,-200,-200,-200,-200,-200,-200,16,3
-200,-200,-200,-76,-200,-200,-200,-200,-200,-200,-200,-200,-200,16,3
-200,-200,-200,-75,-200,-200,-200,-200,-200,-200,-200,-200,-200,16,3
-200,-200,-200,-77,-200,-200,-200,-200,-200,-200,-200,-200,-200,17,3
-200,-200,-200,-76,-200,-200,-200,-200,-200,-200,-200,-200,-200,17,3
-200,-200,-82,-82,-200,-200,-200,-200,-200,-200,-200,-200,-200,17,3
-200,-200,-200,-75,-200,-200,-200,-200,-200,-200,-200,-200,-200,17,3
-200,-200,-79,-77,-200,-200,-200,-200,-200,-200,-200,-200,-200,17,3
-200,-200,-200,-76,-200,-200,-200,-200,-200,-200,-200,-200,-200,17,3
-200,-200,-200,-75,-200,-200,-200,-200,-200,-200,-200,-200,-200,17,3
-200,-200,-200,-73,-200,-200,-200,-200,-200,-200,-200,-200,-200,17,3
-200,-200,-200,-74,-200,-200,-200,-200,-200,-200,-200,-200,-200,17,3
-200,-200,-200,-77,-200,-200,-200,-200,-200,-200,-200,-200,-200,18,3
-200,-200,-200,-76,-200,-200,-200,-200,-200,-200,-200,-200,-200,18,3
-200,-200,-200,-76,-200,-200,-200,-200,-200,-200,-200,-200,-200,18,3
-200,-200,-200,-78,-200,-200,-200,-200,-200,-200,-200,-200,-200,18,3
-200,-200,-200,-71,-200,-200,-200,-200,-200,-200,-200,-200,-200,18,3
-200,-200,-200,-72,-200,-200,-200,-200,-200,-200,-200,-200,-200,18,3
-200,-200,-200,-70,-200,-200,-200,-200,-200,-200,-200,-200,-200,19,3
-200,-200,-200,-78,-200,-200,-200,-200,-200,-200,-200,-200,-200,20,3
-200,-200,-200,-77,-200,-200,-200,-200,-200,-200,-200,-200,-200,20,3
-200,-200,-200,-73,-200,-200,-200,-200,-200,-200,-200,-200,-200,20,3
-200,-200,-200,-77,-200,-200,-200,-200,-200,-200,-200,-200,-200,21,3
-200,-200,-200,-70,-200,-200,-200,-200,-200,-200,-200,-200,-200,21,3
-200,-200,-200,-71,-200,-200,-200,-200,-200,-200,-200,-200,-200,21,3
-200,-200,-200,-72,-200,-200,-200,-200,-200,-200,-200,-200,-200,21,3
-200,-200,-200,-74,-200,-200,-200,-200,-200,-200,-200,-200,-200,21,3
-200,-200,-200,-78,-200,-200,-200,-200,-200,-200,-200,-200,-200,21,3
-200,-200,-200,-80,-200,-200,-200,-200,-200,-200,-200,-200,-200,21,3
-200,-200,-200,-71,-200,-200,-200,-200,-200,-200,-200,-200,-200,21,4
-200,-200,-200,-70,-200,-200,-200,-200,-200,-200,-200,-200,-200,21,4
-200,-200,-200,-72,-200,-200,-200,-200,-200,-200,-200,-200,-200,21,4
-200,-200,-200,-70,-200,-200,-200,-200,-200,-200,-200,-200,-200,20,4
-200,-200,-200,-68,-200,-200,-200,-200,-200,-200,-200,-200,-200,20,4
-200,-200,-200,-67,-200,-200,-200,-200,-200,-200,-200,-200,-200,20,4
-200,-200,-200,-67,-200,-200,-200,-200,-200,-200,-200,-200,-200,20,4
-200,-200,-200,-69,-200,-200,-200,-200,-200,-200,-200,-200,-200,20,4
-200,-200,-200,-69,-200,-200,-200,-200,-200,-200,-200,-200,-200,20,4
-200,-200,-200,-61,-200,-200,-200,-200,-200,-200,-200,-200,-200,19,4
-200,-200,-200,-59,-200,-200,-200,-200,-200,-200,-200,-200,-200,19,4
-200,-200,-81,-62,-200,-200,-200,-200,-200,-200,-200,-200,-200,19,4
-200,-200,-80,-66,-200,-200,-200,-200,-200,-200,-200,-200,-200,19,4
-200,-200,-200,-64,-200,-200,-200,-200,-200,-200,-200,-200,-200,19,4
-200,-200,-200,-61,-200,-200,-200,-200,-200,-200,-200,-200,-200,19,4
-200,-200,-81,-72,-200,-200,-200,-200,-200,-200,-200,-200,-200,18,4
-200,-200,-80,-69,-200,-200,-200,-200,-200,-200,-200,-200,-200,18,4
-200,-200,-200,-72,-200,-200,-200,-200,-200,-200,-200,-200,-200,18,4
-200,-200,-76,-77,-200,-200,-200,-200,-200,-200,-200,-200,-200,18,4
-200,-200,-200,-69,-200,-200,-200,-200,-200,-200,-200,-200,-200,18,4
-200,-200,-78,-200,-200,-200,-200,-200,-200,-200,-200,-200,-200,17,4
-200,-200,-75,-79,-200,-200,-200,-200,-200,-200,-200,-200,-200,17,4
-200,-200,-76,-80,-200,-200,-200,-200,-200,-200,-200,-200,-200,17,4
-200,-78,-200,-81,-200,-200,-200,-200,-200,-200,-200,-200,-200,17,4
-200,-200,-76,-200,-200,-200,-200,-200,-200,-200,-200,-200,-200,17,4
-200,-78,-75,-200,-200,-200,-200,-200,-200,-200,-200,-200,-200,17,4
-200,-200,-75,-200,-200,-200,-80,-200,-200,-200,-200,-200,-200,17,4
-200,-78,-73,-200,-200,-200,-80,-200,-200,-200,-200,-200,-200,17,4
-200,-79,-76,-200,-200,-200,-200,-200,-200,-200,-200,-200,-200,16,4
-200,-80,-77,-200,-200,-200,-200,-200,-200,-200,-200,-200,-200,16,4
-200,-200,-72,-200,-200,-200,-200,-200,-200,-200,-200,-200,-200,16,4
-200,-79,-82,-200,-200,-200,-200,-200,-200,-200,-200,-200,-200,16,4
-200,-200,-67,-200,-200,-200,-200,-200,-200,-200,-200,-200,-200,15,4
-200,-77,-64,-200,-200,-200,-200,-200,-200,-200,-200,-200,-200,15,4
-200,-76,-72,-200,-200,-200,-200,-200,-200,-200,-200,-200,-200,15,4
-200,-79,-76,-200,-200,-200,-200,-200,-200,-200,-200,-200,-200,15,4
-200,-200,-70,-200,-200,-200,-200,-200,-200,-200,-200,-200,-200,15,4
-200,-200,-75,-200,-200,-200,-200,-200,-200,-200,-200,-200,-200,15,4
-200,-76,-67,-200,-200,-77,-200,-200,-200,-200,-200,-200,-200,15,4
-200,-80,-62,-200,-200,-82,-200,-200,-200,-200,-200,-200,-200,15,4
-200,-76,-63,-200,-200,-80,-200,-200,-200,-200,-200,-200,-200,15,4
-200,-72,-57,-200,-200,-75,-200,-200,-200,-200,-200,-200,-200,15,4
-200,-76,-64,-200,-200,-76,-200,-200,-200,-200,-200,-200,-200,15,4
-200,-76,-61,-200,-200,-200,-200,-200,-200,-200,-200,-200,-200,15,4
-200,-80,-61,-200,-200,-200,-200,-200,-200,-200,-200,-200,-200,14,4
-200,-80,-61,-200,-200,-78,-200,-200,-200,-200,-200,-200,-200,14,4
-200,-77,-200,-200,-200,-200,-200,-200,-200,-200,-200,-200,-200,14,4
-200,-75,-69,-200,-200,-200,-200,-200,-200,-200,-200,-200,-200,14,4
-200,-74,-72,-200,-200,-200,-200,-200,-200,-200,-200,-200,-200,14,4
-200,-74,-200,-200,-200,-200,-200,-200,-200,-200,-200,-200,-200,13,4
-200,-200,-75,-200,-200,-200,-200,-200,-200,-200,-200,-200,-200,13,4
-200,-200,-76,-200,-200,-200,-200,-200,-200,-200,-200,-200,-200,13,4
-200,-200,-79,-200,-200,-200,-200,-200,-200,-200,-200,-200,-200,13,4
-200,-80,-79,-200,-200,-200,-200,-200,-200,-200,-200,-200,-200,13,4
-200,-72,-200,-200,-200,-200,-200,-200,-200,-200,-200,-200,-200,13,4
-200,-74,-200,-200,-200,-200,-200,-200,-200,-200,-200,-200,-200,13,4
-200,-72,-200,-200,-200,-200,-200,-200,-200,-200,-200,-200,-200,13,4
-200,-71,-80,-200,-200,-200,-200,-200,-200,-200,-200,-200,-200,13,4
-200,-71,-81,-200,-200,-200,-200,-200,-200,-200,-200,-200,-200,12,4
-200,-70,-79,-200,-200,-200,-200,-200,-200,-200,-200,-200,-200,12,4
-200,-63,-200,-200,-200,-200,-200,-200,-200,-200,-200,-200,-200,12,4
-200,-65,-200,-200,-200,-200,-200,-200,-200,-200,-200,-200,-200,12,4
-200,-65,-200,-200,-200,-200,-200,-200,-200,-200,-200,-200,-200,12,4
-200,-65,-200,-200,-200,-200,-200,-200,-200,-200,-200,-200,-200,12,4
-200,-69,-200,-200,-200,-80,-200,-200,-200,-200,-200,-200,-200,12,4
-200,-200,-86,-200,-200,-200,-200,-200,-200,-200,-200,-200,-200,12,4
-200,-66,-82,-200,-200,-81,-200,-200,-200,-200,-200,-200,-200,11,4
-200,-65,-200,-200,-200,-200,-200,-200,-200,-200,-200,-200,-200,11,4
-200,-64,-200,-200,-200,-200,-200,-200,-200,-200,-200,-200,-200,11,4
-200,-66,-200,-200,-200,-200,-200,-200,-200,-200,-200,-200,-200,11,4
-200,-61,-200,-200,-200,-200,-200,-200,-200,-200,-200,-200,-200,11,4
-200,-65,-200,-200,-200,-200,-200,-200,-200,-200,-200,-200,-200,11,4
-200,-62,-200,-200,-200,-200,-200,-200,-200,-200,-200,-200,-200,11,4
-200,-63,-200,-200,-200,-200,-200,-200,-200,-200,-200,-200,-200,11,4
-200,-67,-78,-200,-200,-200,-200,-200,-200,-200,-200,-200,-200,11,4
-200,-65,-200,-200,-200,-200,-200,-200,-200,-200,-200,-200,-200,11,4
-200,-65,-80,-200,-200,-200,-200,-200,-200,-200,-200,-200,-200,11,4
-200,-65,-76,-200,-200,-200,-200,-200,-200,-200,-200,-200,-200,11,4
-200,-65,-200,-200,-200,-200,-200,-200,-200,-200,-200,-200,-200,10,4
-200,-69,-80,-200,-200,-200,-200,-200,-200,-200,-200,-200,-200,10,4
-200,-67,-200,-200,-200,-200,-200,-200,-200,-200,-200,-200,-200,10,4
-200,-67,-200,-200,-200,-200,-200,-200,-200,-200,-200,-200,-200,10,4
-200,-66,-200,-200,-200,-200,-200,-200,-200,-200,-200,-200,-200,10,4
-200,-75,-82,-200,-200,-200,-200,-200,-200,-200,-200,-200,-200,10,4
-200,-72,-200,-200,-200,-200,-200,-200,-200,-200,-200,-200,-200,10,4
-200,-74,-80,-200,-200,-200,-200,-200,-200,-200,-200,-200,-200,10,4
-200,-64,-200,-200,-200,-200,-200,-200,-200,-200,-200,-200,-200,9,4
-200,-64,-200,-200,-200,-200,-200,-200,-200,-200,-200,-200,-200,9,4
-200,-77,-200,-200,-200,-200,-200,-200,-200,-200,-200,-200,-200,9,4
-200,-75,-200,-200,-200,-200,-200,-200,-200,-200,-200,-200,-200,9,4
-75,-198,-200,-200,-200,-200,-200,-200,-200,-200,-200,-200,-200,9,4
-200,-67,-200,-200,-200,-200,-200,-200,-200,-200,-200,-200,-200,9,5
-200,-72,-200,-200,-200,-200,-200,-200,-200,-200,-200,-200,-200,9,5
-200,-70,-200,-200,-200,-200,-200,-200,-200,-200,-200,-200,-200,9,5
-200,-74,-200,-200,-200,-200,-200,-200,-200,-200,-200,-200,-200,9,5
-200,-77,-200,-200,-200,-200,-200,-200,-200,-200,-200,-200,-200,9,5
-200,-65,-200,-200,-200,-200,-200,-200,-200,-200,-200,-200,-200,9,5
-200,-63,-200,-200,-200,-200,-200,-200,-200,-200,-200,-200,-200,10,5
-200,-64,-200,-200,-200,-200,-200,-81,-200,-200,-200,-200,-200,10,5
-200,-68,-200,-200,-200,-200,-200,-200,-200,-200,-200,-200,-200,10,5
-200,-70,-200,-200,-200,-200,-200,-200,-200,-200,-200,-200,-200,10,5
-200,-66,-200,-200,-82,-200,-200,-200,-200,-200,-200,-200,-200,10,5
-200,-65,-200,-200,-200,-200,-200,-200,-200,-200,-200,-200,-200,10,5
-200,-71,-200,-200,-200,-200,-200,-200,-200,-200,-200,-200,-200,11,5
-200,-75,-200,-200,-200,-200,-200,-200,-200,-200,-200,-200,-200,11,5
-200,-68,-200,-200,-200,-200,-200,-200,-200,-200,-200,-200,-200,11,5
-200,-69,-200,-200,-200,-200,-200,-200,-200,-200,-200,-200,-200,11,5
-200,-69,-200,-200,-200,-200,-200,-200,-200,-200,-200,-200,-200,11,5
-200,-77,-200,-78,-200,-76,-200,-200,-200,-200,-200,-200,-200,11,5
-200,-80,-200,-200,-200,-78,-200,-200,-200,-200,-200,-200,-200,11,5
-200,-200,-200,-200,-200,-73,-200,-200,-200,-200,-200,-200,-200,12,5
-200,-200,-200,-200,-200,-73,-200,-200,-200,-200,-200,-200,-200,12,5
-200,-76,-200,-80,-200,-200,-200,-200,-200,-200,-200,-200,-200,12,5
-200,-80,-200,-200,-200,-200,-200,-200,-200,-200,-200,-200,-200,12,5
-200,-76,-200,-200,-200,-200,-200,-200,-200,-200,-200,-200,-200,12,5
-200,-200,-200,-200,-80,-200,-200,-200,-200,-200,-200,-200,-200,13,5
-200,-80,-200,-200,-78,-200,-200,-200,-200,-200,-200,-200,-200,13,5
-200,-200,-200,-200,-200,-78,-200,-200,-200,-200,-200,-200,-200,13,5
-200,-200,-200,-200,-200,-81,-200,-200,-200,-200,-200,-200,-200,13,5
-200,-200,-200,-77,-200,-77,-200,-200,-200,-200,-200,-200,-200,13,5
-200,-200,-200,-200,-200,-77,-200,-200,-200,-200,-200,-200,-200,14,5
-200,-200,-200,-200,-200,-75,-200,-200,-200,-200,-200,-200,-200,14,5
-200,-200,-200,-200,-200,-78,-200,-200,-200,-200,-200,-200,-200,14,5
-200,-200,-200,-200,-200,-72,-200,-200,-200,-200,-200,-200,-200,14,5
-200,-200,-200,-200,-200,-77,-200,-200,-200,-200,-200,-200,-200,14,5
-200,-200,-200,-79,-82,-200,-200,-200,-200,-200,-200,-200,-200,14,5
-200,-200,-200,-80,-200,-76,-200,-200,-200,-200,-200,-200,-200,15,5
-200,-200,-200,-79,-200,-77,-200,-200,-200,-200,-200,-200,-200,15,5
-200,-200,-200,-73,-200,-80,-200,-200,-200,-200,-200,-200,-200,15,5
-200,-200,-200,-73,-200,-200,-200,-200,-200,-200,-200,-200,-200,15,5
-200,-200,-200,-81,-200,-73,-200,-200,-200,-200,-200,-200,-200,15,5
-200,-200,-200,-78,-200,-74,-200,-200,-200,-200,-200,-200,-200,15,5
-200,-200,-200,-77,-200,-200,-200,-200,-200,-200,-200,-200,-200,15,5
-200,-200,-200,-77,-200,-200,-200,-200,-200,-200,-200,-200,-200,15,5
-200,-200,-200,-71,-200,-200,-200,-200,-200,-200,-200,-200,-200,15,5
-200,-200,-200,-72,-200,-200,-200,-200,-200,-200,-200,-200,-200,15,5
-200,-200,-200,-72,-200,-200,-200,-200,-200,-200,-200,-200,-200,15,5
-200,-200,-200,-76,-200,-200,-200,-200,-200,-200,-200,-200,-200,15,5
-200,-200,-200,-76,-200,-78,-200,-200,-200,-200,-200,-200,-200,16,5
-200,-200,-200,-80,-200,-80,-200,-200,-200,-200,-200,-200,-200,16,5
-200,-200,-200,-72,-200,-200,-200,-200,-200,-200,-200,-200,-200,16,5
-200,-200,-200,-71,-200,-200,-200,-200,-200,-200,-200,-200,-200,16,5
-200,-200,-200,-200,-200,-75,-200,-200,-200,-200,-200,-200,-200,16,5
-200,-200,-200,-79,-200,-75,-200,-200,-200,-200,-200,-200,-200,16,5
-200,-200,-200,-200,-200,-80,-200,-200,-200,-200,-200,-200,-200,17,5
-200,-200,-200,-75,-200,-200,-200,-200,-200,-200,-200,-200,-200,17,5
-200,-200,-200,-74,-200,-200,-200,-200,-200,-200,-200,-200,-200,17,5
-200,-200,-200,-79,-200,-200,-200,-200,-200,-200,-200,-200,-200,17,5
-200,-200,-200,-72,-200,-200,-200,-200,-200,-200,-200,-200,-200,17,5
-200,-200,-200,-76,-200,-200,-200,-200,-200,-200,-200,-200,-200,17,5
-200,-200,-200,-69,-200,-200,-200,-200,-200,-200,-200,-200,-200,17,5
-200,-200,-200,-69,-200,-200,-200,-200,-200,-200,-200,-200,-200,17,5
-200,-200,-200,-75,-200,-200,-200,-200,-200,-200,-200,-200,-200,17,5
-200,-200,-200,-67,-200,-200,-200,-200,-200,-200,-200,-200,-200,17,5
-200,-200,-200,-81,-200,-200,-200,-200,-200,-200,-200,-200,-200,17,5
-200,-80,-200,-78,-200,-200,-200,-200,-200,-200,-200,-200,-200,17,5
-200,-200,-200,-70,-200,-200,-81,-200,-200,-200,-200,-200,-200,18,5
-200,-200,-200,-65,-200,-200,-200,-200,-200,-200,-200,-200,-200,18,5
-200,-200,-200,-200,-200,-200,-79,-200,-200,-200,-200,-200,-200,18,5
-200,-200,-200,-77,-200,-200,-81,-200,-200,-200,-200,-200,-200,18,5
-200,-200,-200,-76,-200,-200,-200,-200,-200,-200,-200,-200,-200,18,5
-200,-200,-200,-75,-200,-200,-200,-200,-200,-200,-200,-200,-200,18,5
-200,-200,-200,-79,-200,-200,-200,-200,-200,-200,-200,-200,-200,18,5
-200,-200,-200,-71,-200,-200,-200,-200,-200,-200,-200,-200,-200,18,5
-200,-200,-200,-70,-200,-200,-200,-200,-200,-200,-200,-200,-200,19,5
-200,-200,-200,-76,-200,-200,-200,-200,-200,-200,-200,-200,-200,19,5
-200,-200,-200,-70,-200,-200,-200,-200,-200,-200,-200,-200,-200,19,5
-200,-200,-200,-70,-200,-200,-200,-200,-200,-200,-200,-200,-200,19,5
-200,-200,-200,-65,-200,-200,-82,-200,-200,-200,-200,-200,-200,19,5
-200,-200,-200,-78,-200,-200,-200,-200,-200,-200,-200,-200,-200,20,5
-200,-200,-200,-76,-200,-200,-200,-200,-200,-200,-200,-200,-200,20,5
-200,-200,-200,-200,-200,-200,-79,-200,-200,-200,-200,-200,-200,20,5
-200,-200,-200,-80,-200,-200,-200,-200,-200,-200,-200,-200,-200,20,5
-200,-200,-200,-81,-200,-200,-200,-200,-200,-200,-200,-200,-200,20,5
-200,-200,-200,-77,-200,-200,-200,-200,-200,-200,-200,-200,-200,21,5
-200,-200,-200,-77,-200,-200,-200,-200,-200,-200,-200,-200,-200,21,5
-200,-200,-200,-71,-200,-200,-200,-200,-200,-200,-200,-200,-200,21,5
-200,-200,-200,-71,-200,-200,-200,-200,-200,-200,-200,-200,-200,21,5
-200,-200,-200,-78,-200,-200,-79,-200,-200,-200,-200,-200,-200,19,6
-200,-200,-200,-78,-200,-200,-200,-200,-200,-200,-200,-200,-200,19,6
-200,-200,-200,-200,-200,-200,-79,-200,-200,-200,-200,-200,-200,19,6
-200,-200,-200,-82,-200,-200,-78,-200,-200,-200,-200,-200,-200,19,6
-200,-200,-200,-77,-200,-200,-82,-200,-200,-200,-200,-200,-200,19,6
-200,-200,-200,-74,-200,-200,-200,-200,-200,-200,-200,-200,-200,19,6
-200,-200,-200,-200,-200,-200,-76,-200,-200,-200,-200,-200,-200,18,6
-200,-200,-200,-78,-200,-200,-79,-200,-200,-200,-200,-200,-200,18,6
-200,-200,-200,-200,-200,-200,-80,-200,-200,-200,-200,-200,-200,18,6
-200,-200,-200,-200,-200,-75,-200,-200,-200,-200,-200,-200,-200,17,6
-200,-200,-200,-200,-200,-80,-200,-200,-200,-200,-200,-200,-200,17,6
-200,-200,-200,-80,-200,-80,-200,-200,-200,-200,-200,-200,-200,16,6
-200,-200,-200,-200,-200,-78,-200,-200,-200,-200,-200,-200,-200,16,6
-200,-200,-200,-81,-200,-76,-200,-200,-200,-200,-200,-200,-200,16,6
-200,-200,-200,-200,-200,-76,-200,-200,-200,-200,-200,-200,-200,16,6
-200,-200,-200,-200,-200,-73,-200,-200,-200,-200,-200,-200,-200,15,6
-200,-200,-200,-200,-200,-68,-200,-200,-200,-200,-200,-200,-200,15,6
-200,-200,-200,-200,-200,-66,-200,-200,-200,-200,-200,-200,-200,15,6
-200,-200,-200,-200,-200,-80,-200,-200,-200,-200,-200,-200,-200,15,6
-200,-200,-200,-200,-200,-77,-200,-200,-200,-200,-200,-200,-200,15,6
-200,-200,-200,-200,-200,-69,-200,-200,-200,-200,-200,-200,-200,15,6
-200,-200,-200,-200,-200,-72,-200,-200,-200,-200,-200,-200,-200,15,6
-200,-200,-200,-200,-200,-66,-200,-200,-200,-200,-200,-200,-200,14,6
-200,-200,-200,-200,-200,-66,-200,-200,-200,-200,-200,-200,-200,14,6
-200,-200,-200,-200,-200,-67,-200,-200,-200,-200,-200,-200,-200,14,6
-200,-200,-200,-200,-200,-62,-200,-200,-200,-200,-200,-200,-200,14,6
-200,-200,-200,-200,-200,-68,-200,-200,-200,-200,-200,-200,-200,14,6
-200,-200,-200,-200,-200,-66,-200,-200,-200,-200,-200,-200,-200,14,6
-200,-200,-200,-200,-80,-76,-200,-200,-200,-200,-200,-200,-200,13,6
-200,-200,-200,-200,-200,-68,-200,-200,-200,-200,-200,-200,-200,13,6
-200,-200,-200,-200,-200,-69,-200,-200,-200,-200,-200,-200,-200,13,6
-200,-80,-200,-200,-80,-70,-200,-200,-200,-200,-200,-200,-200,13,6
-200,-200,-200,-200,-78,-71,-200,-200,-200,-200,-200,-200,-200,13,6
-200,-200,-200,-200,-81,-71,-200,-200,-200,-200,-200,-200,-200,13,6
-200,-200,-200,-200,-74,-200,-200,-200,-200,-200,-200,-200,-200,13,6
-200,-200,-200,-200,-83,-200,-200,-200,-200,-200,-200,-200,-200,13,6
-200,-200,-200,-200,-200,-86,-200,-200,-200,-200,-200,-200,-200,13,6
-200,-200,-200,-200,-81,-83,-200,-200,-200,-200,-200,-200,-200,13,6
-200,-200,-200,-200,-77,-200,-200,-200,-200,-200,-200,-200,-200,12,6
-200,-200,-200,-200,-79,-200,-200,-200,-200,-200,-200,-200,-200,12,6
-200,-200,-200,-200,-81,-200,-200,-200,-200,-200,-200,-200,-200,12,6
-200,-200,-200,-200,-82,-200,-200,-200,-200,-200,-200,-200,-200,12,6
-200,-200,-200,-200,-79,-80,-200,-200,-200,-200,-200,-200,-200,12,6
-200,-200,-200,-200,-73,-200,-200,-200,-200,-200,-200,-200,-200,12,6
-200,-200,-200,-200,-200,-81,-200,-200,-200,-200,-200,-200,-200,12,6
-200,-200,-200,-200,-78,-75,-200,-200,-200,-200,-200,-200,-200,12,6
-200,-200,-200,-200,-78,-200,-200,-200,-200,-200,-200,-200,-200,12,6
-200,-200,-200,-200,-200,-81,-200,-200,-200,-200,-200,-200,-200,11,6
-200,-200,-200,-200,-79,-77,-200,-200,-200,-200,-200,-200,-200,11,6
-200,-200,-200,-200,-72,-200,-200,-200,-200,-200,-200,-200,-200,11,6
-200,-78,-200,-200,-200,-200,-200,-200,-200,-200,-200,-200,-200,11,6
-200,-78,-200,-200,-76,-200,-200,-200,-200,-200,-200,-200,-200,11,6
-200,-76,-200,-200,-74,-200,-200,-200,-200,-200,-200,-200,-200,11,6
-200,-78,-200,-200,-200,-200,-200,-79,-200,-200,-200,-200,-200,10,6
-200,-71,-200,-200,-75,-200,-200,-200,-200,-200,-200,-200,-200,10,6
-200,-73,-200,-200,-77,-200,-200,-200,-200,-200,-200,-200,-200,10,6
-200,-75,-200,-200,-200,-200,-200,-200,-200,-200,-200,-200,-200,10,6
-200,-79,-200,-200,-77,-200,-200,-200,-200,-200,-200,-200,-200,10,6
-200,-72,-200,-200,-200,-200,-200,-78,-200,-200,-200,-200,-200,10,6
-200,-74,-200,-200,-80,-200,-200,-78,-200,-200,-200,-200,-200,9,6
-200,-74,-200,-200,-80,-200,-200,-80,-200,-200,-200,-200,-200,9,6
-200,-70,-200,-200,-73,-200,-200,-82,-200,-200,-200,-200,-200,9,6
-200,-70,-200,-200,-81,-200,-200,-79,-200,-200,-200,-200,-200,9,6
-200,-69,-200,-200,-77,-200,-200,-200,-200,-200,-200,-200,-200,9,6
-200,-67,-200,-200,-81,-200,-200,-200,-200,-200,-200,-200,-200,9,6
-71,-198,-200,-200,-200,-200,-200,-200,-200,-200,-200,-200,-200,6,8
-68,-198,-200,-200,-200,-200,-200,-200,-200,-200,-200,-200,-200,6,8
-200,-69,-200,-200,-200,-200,-200,-200,-200,-200,-200,-200,-200,9,4
-200,-73,-200,-200,-200,-80,-200,-200,-200,-200,-200,-200,-200,9,4
-200,-60,-200,-200,-200,-200,-200,-200,-200,-200,-200,-200,-200,10,4
-200,-59,-200,-200,-79,-200,-200,-200,-200,-200,-200,-200,-200,10,4
-200,-66,-200,-200,-200,-200,-200,-200,-200,-200,-200,-200,-200,10,4
-200,-64,-200,-200,-200,-200,-200,-200,-200,-200,-200,-200,-200,10,4
-200,-72,-200,-200,-200,-200,-200,-200,-200,-200,-200,-200,-200,10,2
-200,-77,-200,-200,-200,-200,-200,-200,-200,-200,-200,-200,-200,10,2
-200,-200,-200,-200,-63,-200,-200,-200,-200,-200,-200,-200,-200,10,7
-200,-200,-200,-200,-60,-200,-200,-78,-200,-200,-200,-200,-200,10,7
-200,-200,-200,-200,-61,-200,-200,-200,-200,-200,-200,-200,-200,10,7
-200,-200,-200,-200,-61,-200,-200,-200,-200,-200,-200,-200,-200,10,7
-200,-200,-200,-200,-66,-200,-200,-200,-200,-200,-200,-200,-200,9,7
-200,-82,-200,-200,-68,-200,-200,-83,-200,-200,-200,-200,-200,9,7
-200,-79,-200,-200,-68,-200,-200,-77,-200,-200,-200,-200,-200,9,7
-200,-200,-200,-200,-74,-200,-200,-79,-200,-200,-200,-200,-200,9,7
-200,-200,-200,-200,-200,-200,-200,-68,-200,-81,-200,-200,-200,9,10
-200,-200,-200,-200,-200,-200,-200,-72,-200,-80,-200,-200,-200,9,10
-200,-200,-200,-200,-78,-200,-200,-70,-200,-200,-200,-200,-200,9,10
-200,-200,-200,-200,-200,-200,-200,-61,-200,-200,-200,-200,-200,9,10
-200,-200,-200,-200,-200,-200,-200,-63,-200,-200,-200,-200,-200,10,10
-200,-200,-200,-200,-77,-200,-200,-64,-200,-200,-200,-200,-200,10,10
-200,-200,-200,-200,-200,-200,-200,-200,-56,-200,-200,-200,-200,4,15
-200,-200,-200,-200,-200,-200,-200,-200,-55,-200,-200,-200,-200,4,15
-200,-200,-200,-200,-200,-200,-200,-200,-58,-200,-200,-200,-200,4,15
-200,-200,-200,-200,-200,-200,-200,-200,-58,-200,-200,-200,-200,4,15
-200,-200,-200,-200,-200,-200,-200,-200,-77,-200,-200,-200,-200,5,15
-200,-200,-200,-200,-200,-200,-200,-200,-71,-200,-200,-200,-200,5,15
-200,-200,-200,-200,-200,-200,-200,-200,-200,-78,-200,-200,-200,7,15
-200,-200,-200,-200,-200,-200,-200,-200,-200,-79,-200,-200,-200,7,15
-200,-200,-200,-200,-200,-200,-200,-200,-200,-66,-85,-200,-200,10,15
-200,-200,-200,-200,-200,-200,-200,-200,-200,-61,-75,-200,-200,10,15
-200,-200,-200,-200,-200,-200,-200,-200,-200,-200,-69,-200,-200,12,15
-200,-200,-200,-200,-200,-200,-200,-200,-200,-200,-73,-79,-200,12,15
-200,-200,-200,-200,-200,-200,-200,-200,-200,-78,-200,-81,-81,12,15
-200,-200,-200,-200,-200,-200,-200,-200,-200,-200,-71,-82,-200,12,15
-200,-200,-200,-200,-200,-200,-200,-200,-200,-200,-81,-81,-200,12,15
-200,-200,-200,-200,-200,-200,-200,-79,-200,-200,-200,-66,-200,18,15
-200,-200,-200,-200,-200,-200,-200,-200,-200,-200,-200,-61,-200,18,15
-200,-200,-200,-200,-200,-200,-200,-200,-200,-200,-200,-68,-79,18,15
-200,-200,-200,-200,-200,-200,-200,-200,-200,-200,-200,-68,-200,18,15
-200,-200,-200,-200,-200,-200,-200,-200,-200,-200,-200,-200,-76,20,15
-200,-200,-200,-200,-200,-200,-200,-200,-200,-200,-200,-81,-81,20,15
-200,-200,-200,-200,-200,-200,-200,-200,-200,-200,-200,-199,-61,23,15
-200,-200,-200,-200,-200,-200,-200,-200,-200,-200,-200,-199,-62,23,15
-200,-200,-200,-200,-200,-200,-200,-200,-200,-200,-200,-200,-75,23,15
-200,-200,-200,-200,-200,-200,-200,-200,-200,-200,-200,-199,-71,23,15
-200,-200,-200,-200,-200,-200,-200,-200,-200,-200,-200,-199,-67,23,15
-200,-200,-200,-200,-200,-200,-200,-200,-200,-200,-200,-200,-75,23,15
-200,-200,-200,-200,-72,-200,-200,-200,-200,-200,-200,-200,-200,9,7
-200,-200,-200,-200,-72,-200,-200,-200,-200,-200,-200,-200,-200,9,7
-200,-200,-200,-200,-72,-200,-84,-200,-200,-200,-200,-200,-200,9,7
-200,-80,-200,-200,-72,-200,-200,-200,-200,-200,-200,-200,-200,9,7
-73,-198,-200,-200,-200,-200,-200,-73,-200,-200,-200,-200,-200,9,8
-200,-72,-200,-200,-79,-200,-200,-200,-200,-200,-200,-200,-200,9,3
-200,-73,-200,-200,-78,-200,-200,-200,-200,-200,-200,-200,-200,9,4
-200,-79,-200,-200,-200,-200,-200,-200,-200,-200,-200,-200,-200,9,5
-200,-79,-200,-200,-81,-200,-200,-200,-200,-200,-200,-200,-200,9,5
-200,-73,-200,-200,-78,-200,-200,-200,-200,-200,-200,-200,-200,9,5
-200,-75,-200,-200,-75,-200,-200,-200,-200,-200,-200,-200,-200,9,6
-200,-76,-200,-200,-75,-200,-200,-200,-200,-200,-200,-200,-200,9,6
-200,-81,-200,-200,-70,-200,-200,-200,-200,-200,-200,-200,-200,9,6
-200,-81,-200,-200,-70,-200,-200,-200,-200,-200,-200,-200,-200,9,6
-200,-76,-200,-200,-81,-200,-200,-78,-200,-200,-200,-200,-200,9,7
-200,-200,-200,-200,-200,-200,-200,-75,-200,-200,-200,-200,-200,9,8
-78,-198,-200,-200,-78,-200,-200,-77,-200,-200,-200,-200,-200,9,8
-80,-198,-200,-200,-80,-200,-200,-79,-200,-200,-200,-200,-200,9,8
-200,-78,-200,-200,-79,-200,-200,-200,-200,-200,-200,-200,-200,9,8
-200,-74,-200,-200,-78,-200,-200,-81,-200,-200,-200,-200,-200,9,8
-200,-76,-200,-200,-79,-200,-200,-200,-200,-200,-200,-200,-200,9,8
-200,-77,-200,-200,-78,-200,-200,-200,-200,-200,-200,-200,-200,9,6
-200,-72,-200,-200,-75,-200,-200,-200,-200,-200,-200,-200,-200,9,6
-200,-77,-200,-200,-200,-200,-200,-200,-200,-200,-200,-200,-200,9,6
-200,-72,-200,-200,-76,-200,-200,-200,-200,-200,-200,-200,-200,10,6
-200,-68,-200,-200,-200,-200,-200,-200,-200,-200,-200,-200,-200,10,6
-200,-71,-200,-200,-69,-200,-200,-200,-200,-200,-200,-200,-200,10,6
-200,-74,-200,-200,-70,-200,-200,-200,-200,-200,-200,-200,-200,10,6
-200,-200,-200,-200,-74,-80,-200,-200,-200,-200,-200,-200,-200,10,7
-200,-200,-200,-200,-73,-200,-200,-200,-200,-200,-200,-200,-200,10,7
-200,-200,-200,-200,-77,-200,-200,-200,-200,-200,-200,-200,-200,10,7
-200,-80,-200,-200,-73,-200,-200,-200,-200,-200,-200,-200,-200,10,7
-200,-83,-200,-200,-74,-200,-200,-75,-200,-200,-200,-200,-200,10,8
-200,-200,-200,-200,-72,-200,-200,-80,-200,-200,-200,-200,-200,10,8
-200,-200,-200,-200,-74,-200,-200,-200,-200,-200,-200,-200,-200,10,8
-200,-69,-200,-200,-200,-200,-200,-200,-200,-200,-200,-200,-200,9,1
-200,-69,-200,-200,-200,-200,-200,-200,-200,-200,-200,-200,-200,9,1
-200,-69,-200,-200,-200,-200,-200,-200,-200,-200,-200,-200,-200,9,1
-200,-74,-200,-200,-200,-200,-200,-200,-200,-200,-200,-200,-200,9,2
-200,-200,-200,-200,-80,-200,-200,-200,-200,-200,-200,-200,-200,9,2
-200,-77,-200,-200,-200,-78,-200,-200,-200,-200,-200,-200,-200,9,2
-200,-62,-200,-200,-200,-200,-200,-200,-200,-200,-200,-200,-200,9,2
-200,-78,-200,-200,-200,-200,-200,-200,-200,-200,-200,-200,-200,9,3
-200,-74,-200,-200,-200,-200,-200,-200,-200,-200,-200,-200,-200,9,1
-200,-78,-200,-200,-200,-200,-200,-200,-200,-200,-200,-200,-200,9,1
-200,-66,-200,-200,-200,-200,-200,-200,-200,-200,-200,-200,-200,9,1
-200,-71,-200,-200,-200,-200,-200,-200,-200,-200,-200,-200,-200,9,1
-200,-75,-200,-200,-200,-200,-200,-200,-200,-200,-200,-200,-200,9,1
-200,-69,-200,-200,-200,-200,-200,-200,-200,-200,-200,-200,-200,9,1
-200,-67,-200,-200,-200,-200,-200,-200,-200,-200,-200,-200,-200,10,1
-200,-200,-200,-200,-200,-78,-200,-200,-200,-200,-200,-200,-200,10,1
-200,-65,-200,-200,-200,-200,-200,-200,-200,-200,-200,-200,-200,10,1
-200,-78,-200,-200,-200,-80,-200,-200,-200,-200,-200,-200,-200,10,1
-200,-64,-200,-200,-200,-200,-200,-200,-200,-200,-200,-200,-200,9,2
-200,-66,-200,-200,-200,-200,-200,-200,-200,-200,-200,-200,-200,9,2
-200,-65,-200,-200,-200,-200,-200,-200,-200,-200,-200,-200,-200,9,2
-200,-65,-200,-200,-200,-200,-200,-200,-200,-200,-200,-200,-200,9,2
-200,-66,-200,-200,-200,-200,-200,-200,-200,-200,-200,-200,-200,9,2
-200,-73,-200,-200,-200,-200,-200,-200,-200,-200,-200,-200,-200,9,2
-200,-71,-81,-200,-200,-200,-200,-200,-200,-200,-200,-200,-200,10,2
-200,-72,-200,-200,-200,-200,-200,-200,-200,-200,-200,-200,-200,10,2
-200,-74,-200,-200,-200,-200,-200,-200,-200,-200,-200,-200,-200,10,2
-200,-67,-200,-200,-200,-200,-200,-200,-200,-200,-200,-200,-200,10,2
-200,-200,-200,-200,-200,-78,-200,-200,-200,-200,-200,-200,-200,11,1
-200,-83,-200,-200,-200,-200,-200,-200,-200,-200,-200,-200,-200,11,2
-200,-80,-200,-200,-200,-200,-200,-200,-200,-200,-200,-200,-200,11,2
-200,-78,-200,-200,-200,-200,-200,-200,-200,-200,-200,-200,-200,11,2
-200,-200,-80,-200,-200,-80,-200,-200,-200,-200,-200,-200,-200,12,1
-200,-200,-77,-200,-200,-200,-200,-200,-200,-200,-200,-200,-200,12,1
-200,-80,-79,-200,-200,-200,-200,-200,-200,-200,-200,-200,-200,12,1
-200,-200,-200,-200,-200,-78,-200,-200,-200,-200,-200,-200,-200,12,2
-200,-200,-200,-200,-200,-80,-200,-200,-200,-200,-200,-200,-200,12,2
-200,-200,-200,-200,-200,-80,-200,-200,-200,-200,-200,-200,-200,12,2
-200,-200,-77,-200,-200,-200,-200,-200,-200,-200,-200,-200,-200,13,1
-200,-200,-76,-200,-200,-80,-200,-200,-200,-200,-200,-200,-200,13,1
-200,-200,-79,-200,-200,-200,-200,-200,-200,-200,-200,-200,-200,13,1
-200,-200,-77,-200,-200,-200,-200,-200,-200,-200,-200,-200,-200,13,1
-200,-200,-79,-200,-200,-200,-200,-200,-200,-200,-200,-200,-200,13,1
-200,-200,-80,-200,-200,-77,-200,-200,-200,-200,-200,-200,-200,13,2
-200,-200,-200,-200,-200,-75,-200,-200,-200,-200,-200,-200,-200,13,2
-200,-200,-200,-200,-200,-75,-200,-200,-200,-200,-200,-200,-200,13,2
-200,-200,-200,-200,-200,-74,-200,-200,-200,-200,-200,-200,-200,13,2
-200,-200,-80,-200,-200,-200,-200,-200,-200,-200,-200,-200,-200,13,2
-200,-200,-75,-200,-200,-75,-200,-200,-200,-200,-200,-200,-200,13,2
-200,-200,-78,-200,-200,-200,-200,-200,-200,-200,-200,-200,-200,13,2
-200,-200,-200,-200,-200,-78,-200,-200,-200,-200,-200,-200,-200,14,1
-200,-200,-81,-200,-200,-200,-200,-200,-200,-200,-200,-200,-200,14,1
-200,-80,-79,-200,-200,-73,-200,-200,-200,-200,-200,-200,-200,14,1
-200,-200,-200,-200,-200,-72,-200,-200,-200,-200,-200,-200,-200,14,1
-200,-200,-79,-200,-200,-72,-200,-200,-200,-200,-200,-200,-200,14,1
-200,-200,-77,-200,-200,-200,-200,-200,-200,-200,-200,-200,-200,14,1
-200,-200,-79,-200,-200,-77,-200,-200,-200,-200,-200,-200,-200,14,2
-200,-200,-76,-200,-200,-74,-200,-200,-200,-200,-200,-200,-200,14,2
-200,-200,-78,-200,-200,-77,-200,-200,-200,-200,-200,-200,-200,14,2
-200,-200,-200,-200,-200,-76,-200,-200,-200,-200,-200,-200,-200,14,2
-200,-200,-72,-200,-200,-76,-200,-200,-200,-200,-200,-200,-200,14,2
-200,-200,-79,-200,-200,-77,-200,-200,-200,-200,-200,-200,-200,14,2
-200,-200,-200,-200,-200,-77,-200,-200,-200,-200,-200,-200,-200,15,1
-200,-200,-200,-200,-200,-81,-200,-200,-200,-200,-200,-200,-200,15,2
-200,-200,-200,-200,-80,-200,-200,-200,-200,-200,-200,-200,-200,15,2
-200,-69,-200,-86,-200,-87,-200,-200,-200,-200,-200,-200,-200,9,3
-200,-200,-200,-200,-78,-200,-200,-200,-200,-200,-200,-200,-200,9,3
-200,-75,-200,-200,-200,-200,-200,-200,-200,-200,-200,-200,-200,9,3
-200,-74,-200,-200,-72,-200,-200,-200,-200,-200,-200,-200,-200,9,7
-78,-78,-200,-200,-200,-200,-200,-200,-200,-200,-200,-200,-200,9,7
-200,-200,-200,-200,-73,-200,-200,-200,-200,-200,-200,-200,-200,9,7
-81,-198,-200,-200,-78,-200,-200,-77,-200,-200,-200,-200,-200,9,7
-81,-198,-200,-200,-73,-84,-200,-77,-200,-200,-200,-200,-200,9,8
-81,-198,-200,-200,-76,-200,-200,-74,-200,-200,-200,-200,-200,9,8
-200,-200,-200,-200,-80,-200,-200,-200,-200,-200,-200,-200,-200,9,8
-200,-200,-200,-200,-200,-77,-200,-200,-200,-200,-200,-200,-200,9,8
-79,-198,-200,-200,-200,-200,-200,-79,-200,-200,-200,-200,-200,9,8
-78,-198,-200,-200,-73,-200,-200,-67,-200,-200,-200,-200,-200,9,9
-200,-200,-200,-200,-74,-78,-200,-71,-200,-200,-200,-200,-200,9,9
-200,-200,-200,-200,-76,-200,-200,-65,-200,-200,-200,-200,-200,9,9
-200,-85,-200,-200,-200,-200,-200,-71,-200,-200,-200,-200,-200,9,9
-200,-200,-200,-200,-200,-200,-200,-70,-200,-200,-200,-200,-200,9,10
-200,-200,-200,-200,-200,-200,-200,-73,-200,-200,-200,-200,-200,9,10
-200,-200,-200,-200,-200,-77,-200,-73,-200,-81,-200,-200,-200,9,10
-200,-200,-200,-200,-200,-200,-200,-200,-60,-200,-200,-200,-200,4,15
-200,-78,-200,-200,-200,-200,-200,-200,-200,-200,-200,-200,-200,10,1
-200,-71,-200,-200,-200,-200,-200,-200,-200,-200,-200,-200,-200,10,1
-200,-200,-200,-200,-200,-77,-200,-200,-200,-200,-200,-200,-200,11,1
-200,-200,-200,-200,-200,-81,-200,-200,-200,-200,-200,-200,-200,11,1
-200,-72,-200,-200,-200,-200,-200,-200,-200,-200,-200,-200,-200,11,2
-200,-200,-82,-200,-200,-200,-200,-200,-200,-200,-200,-200,-200,11,3
-200,-79,-200,-200,-200,-200,-200,-200,-200,-200,-200,-200,-200,11,3
-200,-79,-200,-200,-200,-200,-200,-200,-200,-200,-200,-200,-200,11,3
-200,-75,-80,-200,-200,-200,-200,-200,-200,-200,-200,-200,-200,11,4
-200,-200,-200,-200,-200,-200,-200,-200,-72,-200,-200,-200,-200,4,15
-200,-200,-200,-200,-200,-200,-200,-200,-75,-200,-200,-200,-200,4,15
-200,-200,-200,-200,-200,-200,-200,-200,-65,-200,-200,-200,-200,4,14
-200,-200,-200,-200,-200,-200,-200,-200,-70,-200,-200,-200,-200,4,14
-200,-200,-200,-200,-200,-200,-200,-200,-73,-200,-200,-200,-200,4,13
-200,-200,-200,-200,-200,-200,-200,-200,-77,-200,-200,-200,-200,4,13
-200,-200,-200,-200,-200,-200,-200,-200,-81,-200,-200,-200,-200,4,13
-200,-84,-200,-200,-200,-200,-200,-200,-200,-200,-200,-200,-200,10,8
-200,-200,-200,-200,-66,-200,-200,-200,-200,-200,-200,-200,-200,10,7
-200,-200,-84,-200,-68,-200,-200,-200,-200,-200,-200,-200,-200,10,7
-200,-200,-200,-200,-73,-200,-200,-200,-200,-200,-200,-200,-200,10,7
-200,-200,-200,-200,-69,-200,-200,-200,-200,-200,-200,-200,-200,10,7
-200,-74,-200,-200,-71,-200,-200,-200,-200,-200,-200,-200,-200,10,7
-200,-80,-200,-200,-76,-200,-200,-81,-200,-200,-200,-200,-200,10,6
-200,-200,-200,-200,-75,-200,-200,-200,-200,-200,-200,-200,-200,10,6
-200,-76,-200,-200,-200,-200,-200,-200,-200,-200,-200,-200,-200,10,6
-200,-59,-200,-200,-200,-200,-200,-200,-200,-200,-200,-200,-200,10,5
-200,-62,-200,-200,-83,-200,-200,-200,-200,-200,-200,-200,-200,10,5
-200,-62,-200,-200,-76,-200,-200,-200,-200,-200,-200,-200,-200,10,5
-200,-65,-200,-200,-200,-200,-200,-200,-200,-200,-200,-200,-200,10,4
-200,-64,-200,-200,-200,-200,-200,-200,-200,-200,-200,-200,-200,10,4
-200,-79,-200,-200,-200,-200,-200,-200,-200,-200,-200,-200,-200,10,4
-200,-71,-200,-200,-200,-200,-200,-200,-200,-200,-200,-200,-200,10,4
-200,-67,-200,-200,-200,-200,-200,-200,-200,-200,-200,-200,-200,10,3
-200,-66,-200,-200,-200,-200,-200,-200,-200,-200,-200,-200,-200,10,3
-200,-67,-200,-200,-200,-200,-200,-200,-200,-200,-200,-200,-200,10,3
-200,-76,-200,-200,-200,-200,-200,-200,-200,-200,-200,-200,-200,10,3
-200,-71,-200,-200,-200,-200,-200,-200,-200,-200,-200,-200,-200,10,3
-200,-72,-79,-200,-200,-200,-200,-200,-200,-200,-200,-200,-200,10,2
-200,-75,-80,-200,-200,-200,-200,-200,-200,-200,-200,-200,-200,10,2
-200,-68,-200,-200,-200,-200,-200,-200,-200,-200,-200,-200,-200,10,2
-200,-76,-77,-200,-200,-200,-200,-200,-200,-200,-200,-200,-200,10,2
-200,-80,-200,-200,-200,-200,-200,-200,-200,-200,-200,-200,-200,10,1
-200,-75,-200,-200,-200,-200,-200,-200,-200,-200,-200,-200,-200,10,1
-200,-72,-74,-200,-200,-200,-200,-200,-200,-200,-200,-200,-200,11,4
-200,-73,-80,-200,-200,-200,-200,-200,-200,-200,-200,-200,-200,11,4
-200,-74,-80,-200,-200,-200,-200,-200,-200,-200,-200,-200,-200,11,4
-200,-73,-200,-200,-200,-200,-200,-200,-200,-200,-200,-200,-200,11,5
-200,-80,-79,-200,-200,-200,-200,-200,-200,-200,-200,-200,-200,11,5
-200,-70,-200,-200,-200,-200,-200,-200,-200,-200,-200,-200,-200,11,5
-200,-200,-200,-200,-77,-200,-200,-200,-200,-200,-200,-200,-200,11,5
-200,-77,-200,-200,-78,-77,-200,-200,-200,-200,-200,-200,-200,11,6
-200,-200,-200,-200,-75,-78,-200,-200,-200,-200,-200,-200,-200,11,6
-200,-81,-200,-200,-75,-200,-200,-200,-200,-200,-200,-200,-200,11,6
-200,-200,-200,-200,-73,-76,-200,-200,-200,-200,-200,-200,-200,11,6
-200,-200,-200,-200,-73,-77,-200,-200,-200,-200,-200,-200,-200,11,7
-200,-200,-200,-200,-72,-77,-200,-200,-200,-200,-200,-200,-200,11,7
-200,-200,-200,-200,-80,-200,-200,-200,-200,-200,-200,-200,-200,11,7
-200,-200,-200,-200,-75,-75,-200,-81,-200,-200,-200,-200,-200,11,7
-200,-200,-200,-200,-76,-76,-200,-200,-200,-200,-200,-200,-200,11,7
-200,-200,-200,-200,-78,-200,-200,-200,-200,-200,-200,-200,-200,11,8
-200,-200,-200,-200,-200,-77,-200,-200,-200,-200,-200,-200,-200,11,8
-200,-200,-200,-200,-77,-78,-200,-200,-200,-200,-200,-200,-200,11,8
-200,-200,-200,-200,-78,-76,-200,-200,-200,-200,-200,-200,-200,11,8
-200,-200,-200,-200,-79,-200,-200,-200,-200,-200,-200,-200,-200,11,8
-200,-200,-200,-200,-200,-200,-200,-200,-200,-200,-67,-200,-200,14,15
-200,-200,-200,-200,-200,-200,-200,-200,-200,-200,-62,-200,-200,14,15
-200,-200,-200,-200,-200,-200,-200,-200,-200,-200,-79,-80,-200,14,15
-200,-200,-200,-200,-200,-200,-200,-200,-200,-200,-76,-200,-200,14,15
-200,-200,-200,-200,-200,-200,-200,-200,-200,-200,-200,-81,-200,16,15
-200,-200,-200,-200,-200,-200,-200,-200,-200,-200,-200,-78,-200,16,15
-200,-200,-200,-200,-200,-200,-200,-200,-200,-200,-200,-74,-200,16,15
-200,-200,-200,-200,-200,-200,-200,-200,-200,-200,-200,-61,-200,18,15
-200,-200,-200,-200,-200,-200,-200,-200,-200,-200,-200,-63,-200,18,15
-200,-200,-200,-200,-200,-200,-200,-200,-200,-78,-200,-200,-200,9,15
-200,-200,-200,-200,-200,-200,-200,-200,-77,-75,-200,-200,-200,9,15
-200,-200,-200,-200,-200,-200,-200,-200,-78,-72,-200,-200,-200,9,15
-200,-200,-200,-200,-200,-200,-200,-200,-200,-72,-200,-200,-200,9,15
-200,-200,-200,-200,-200,-200,-200,-200,-200,-72,-200,-200,-200,9,15
-200,-200,-200,-200,-200,-200,-200,-200,-81,-77,-200,-200,-200,10,15
-200,-200,-200,-200,-200,-200,-200,-200,-200,-66,-200,-200,-200,10,15
-200,-200,-200,-200,-200,-200,-200,-200,-200,-69,-200,-200,-200,10,15
-200,-200,-200,-200,-200,-200,-200,-200,-200,-65,-200,-200,-200,10,15
-200,-200,-200,-200,-200,-200,-200,-200,-200,-200,-69,-200,-200,14,15
-200,-200,-200,-200,-200,-200,-200,-200,-200,-77,-61,-200,-200,14,15
-200,-200,-200,-200,-200,-200,-200,-200,-200,-78,-59,-200,-200,14,15
-200,-200,-200,-200,-200,-200,-200,-200,-200,-78,-64,-200,-200,14,15
-200,-200,-200,-200,-200,-200,-200,-200,-200,-200,-200,-200,-82,19,15
-200,-200,-200,-200,-200,-200,-200,-200,-200,-200,-200,-200,-78,19,15
-200,-200,-200,-200,-200,-200,-200,-200,-200,-200,-200,-200,-78,19,15
-200,-200,-200,-200,-200,-200,-200,-200,-200,-200,-200,-200,-81,20,15
-200,-200,-200,-200,-200,-200,-200,-200,-200,-200,-200,-200,-87,20,15
-200,-200,-200,-200,-200,-200,-200,-200,-200,-200,-200,-200,-85,20,15
-200,-200,-200,-200,-200,-200,-200,-200,-200,-200,-200,-200,-77,21,15
-200,-200,-200,-200,-200,-200,-200,-200,-200,-200,-79,-200,-81,21,15
-200,-200,-200,-200,-200,-200,-200,-200,-200,-200,-200,-200,-81,21,15
-200,-200,-200,-200,-200,-200,-200,-200,-200,-200,-200,-200,-79,21,15
-200,-200,-200,-200,-200,-200,-200,-200,-200,-200,-200,-200,-79,21,15
-200,-200,-200,-200,-200,-200,-200,-200,-200,-200,-200,-200,-81,22,15
-200,-200,-200,-200,-200,-200,-200,-200,-200,-200,-200,-200,-77,22,15
-200,-200,-200,-200,-200,-200,-200,-200,-200,-200,-200,-200,-64,22,15
-200,-200,-200,-200,-200,-200,-200,-200,-200,-200,-200,-200,-60,22,15
-200,-200,-200,-200,-200,-200,-200,-200,-200,-200,-200,-200,-63,22,15
-200,-200,-200,-200,-200,-200,-200,-200,-200,-200,-200,-200,-67,22,15
-200,-200,-200,-200,-200,-200,-200,-200,-200,-200,-200,-200,-63,22,15
-200,-200,-200,-200,-200,-200,-200,-200,-200,-200,-200,-200,-65,22,15
-200,-200,-200,-200,-200,-200,-200,-200,-200,-200,-200,-200,-71,23,15
-200,-200,-200,-200,-200,-200,-200,-200,-200,-200,-200,-200,-59,23,15
-200,-200,-200,-200,-200,-200,-200,-200,-200,-200,-200,-200,-62,23,15
-200,-200,-200,-200,-200,-200,-200,-200,-200,-200,-200,-200,-71,23,15
-200,-200,-200,-200,-200,-200,-200,-200,-200,-200,-200,-200,-66,23,15
-200,-200,-200,-81,-200,-200,-200,-200,-200,-200,-200,-200,-200,19,1
-200,-200,-200,-82,-200,-200,-200,-200,-200,-200,-200,-200,-200,19,1
-200,-200,-200,-76,-200,-200,-200,-200,-200,-200,-200,-200,-200,19,2
-200,-200,-200,-82,-200,-200,-200,-200,-200,-200,-200,-200,-200,19,2
-200,-200,-200,-78,-200,-200,-200,-200,-200,-200,-200,-200,-200,19,2
-200,-200,-200,-79,-200,-200,-200,-200,-200,-200,-200,-200,-200,19,2
-200,-200,-200,-81,-200,-200,-200,-200,-200,-200,-200,-200,-200,19,2
-200,-200,-200,-79,-200,-200,-200,-200,-200,-200,-200,-200,-200,19,2
-200,-200,-200,-80,-200,-200,-200,-200,-200,-200,-200,-200,-200,19,2
-200,-200,-200,-76,-200,-200,-200,-200,-200,-200,-200,-200,-200,19,3
-200,-200,-200,-75,-200,-200,-200,-200,-200,-200,-200,-200,-200,19,3
-200,-200,-200,-84,-200,-200,-200,-200,-200,-200,-200,-200,-200,19,3
-200,-200,-200,-75,-200,-200,-200,-200,-200,-200,-200,-200,-200,19,3
-200,-200,-78,-81,-200,-200,-200,-200,-200,-200,-200,-200,-200,19,3
-200,-200,-82,-70,-200,-200,-200,-200,-200,-200,-200,-200,-200,19,3
-200,-200,-200,-75,-200,-200,-200,-200,-200,-200,-200,-200,-200,19,4
-200,-200,-80,-78,-200,-200,-200,-200,-200,-200,-200,-200,-200,19,4
-200,-200,-200,-70,-200,-200,-200,-200,-200,-200,-200,-200,-200,19,4
-200,-200,-200,-67,-200,-200,-200,-200,-200,-200,-200,-200,-200,19,4
-200,-200,-200,-57,-200,-200,-200,-200,-200,-200,-200,-200,-200,19,4
-200,-200,-200,-57,-200,-200,-200,-200,-200,-200,-200,-200,-200,19,4
-200,-200,-200,-63,-200,-200,-200,-200,-200,-200,-200,-200,-200,19,5
-200,-200,-200,-62,-200,-200,-200,-200,-200,-200,-200,-200,-200,19,5
-200,-200,-200,-67,-200,-200,-200,-200,-200,-200,-200,-200,-200,19,5
-200,-200,-200,-56,-200,-200,-200,-200,-200,-200,-200,-200,-200,19,5
-200,-200,-200,-66,-200,-200,-200,-200,-200,-200,-200,-200,-200,19,5
-200,-200,-200,-60,-200,-200,-200,-200,-200,-200,-200,-200,-200,19,5
-200,-200,-200,-66,-200,-200,-200,-200,-200,-200,-200,-200,-200,19,5
-200,-200,-200,-67,-200,-200,-200,-200,-200,-200,-200,-200,-200,19,5
-200,-200,-200,-69,-200,-200,-200,-200,-200,-200,-200,-200,-200,19,6
-200,-200,-200,-68,-200,-200,-200,-200,-200,-200,-200,-200,-200,19,6
-200,-200,-200,-70,-200,-200,-200,-200,-200,-200,-200,-200,-200,19,6
-200,-200,-200,-72,-200,-200,-200,-200,-200,-200,-200,-200,-200,19,6
-200,-200,-200,-200,-200,-200,-79,-200,-200,-200,-200,-200,-200,19,6
-200,-200,-200,-200,-200,-200,-79,-200,-200,-200,-200,-200,-200,19,6
-200,-200,-200,-200,-200,-200,-76,-200,-200,-200,-200,-200,-200,19,6
-200,-200,-200,-200,-200,-200,-71,-200,-200,-200,-200,-200,-200,19,6
-200,-200,-200,-200,-200,-200,-64,-200,-200,-200,-200,-200,-200,19,7
-200,-200,-200,-200,-200,-75,-62,-200,-200,-200,-200,-200,-200,19,7
-200,-200,-200,-200,-200,-200,-64,-200,-200,-200,-200,-200,-200,19,7
-200,-200,-200,-200,-200,-200,-67,-200,-200,-200,-200,-200,-200,19,7
-200,-200,-200,-77,-200,-79,-63,-200,-200,-200,-200,-200,-200,19,7
-200,-200,-200,-200,-200,-200,-58,-200,-200,-200,-200,-200,-200,19,7
-200,-200,-200,-200,-200,-200,-63,-200,-200,-200,-200,-200,-200,19,7
-200,-200,-200,-80,-200,-200,-200,-200,-200,-200,-200,-200,-200,19,7
-200,-200,-200,-77,-200,-200,-71,-200,-200,-200,-200,-200,-200,19,7
-200,-200,-200,-78,-200,-200,-66,-200,-200,-200,-200,-200,-200,19,7
-200,-200,-200,-200,-200,-200,-64,-200,-200,-200,-200,-200,-200,19,8
-200,-200,-200,-79,-200,-200,-200,-200,-200,-200,-200,-200,-200,19,8
-200,-200,-200,-81,-200,-200,-64,-200,-200,-200,-200,-200,-200,19,8
-200,-200,-200,-81,-200,-200,-72,-200,-200,-200,-200,-200,-200,19,8
-200,-200,-200,-200,-80,-200,-200,-78,-200,-200,-200,-200,-200,12,9
-78,-200,-200,-200,-200,-200,-200,-74,-200,-200,-200,-200,-200,12,9
-200,-200,-200,-200,-200,-75,-200,-80,-200,-200,-200,-200,-200,12,8
-200,-200,-200,-81,-200,-200,-200,-200,-200,-200,-200,-200,-200,12,8
-200,-200,-200,-200,-75,-200,-200,-200,-200,-200,-200,-200,-200,12,8
-200,-200,-200,-200,-75,-200,-200,-200,-200,-200,-200,-200,-200,12,6
-200,-77,-200,-200,-66,-200,-200,-200,-200,-200,-200,-200,-200,12,6
-200,-78,-200,-77,-72,-74,-200,-200,-200,-200,-200,-200,-200,12,6
-200,-200,-80,-77,-78,-78,-200,-200,-200,-200,-200,-200,-200,12,6
-200,-200,-200,-200,-73,-200,-200,-200,-200,-200,-200,-200,-200,12,5
-200,-200,-200,-200,-70,-200,-200,-200,-200,-200,-200,-200,-200,12,5
-200,-81,-78,-200,-77,-80,-200,-200,-200,-200,-200,-200,-200,12,5
-200,-78,-78,-200,-200,-79,-200,-200,-200,-200,-200,-200,-200,12,5
-200,-200,-78,-81,-200,-84,-200,-200,-200,-200,-200,-200,-200,12,4
-200,-79,-78,-81,-200,-200,-200,-200,-200,-200,-200,-200,-200,12,4
-200,-200,-77,-200,-200,-200,-200,-200,-200,-200,-200,-200,-200,12,4
-200,-200,-78,-200,-200,-87,-200,-200,-200,-200,-200,-200,-200,12,4
-200,-200,-200,-80,-74,-82,-200,-200,-200,-200,-200,-200,-200,12,3
-200,-200,-200,-200,-200,-83,-200,-200,-200,-200,-200,-200,-200,12,2
-200,-77,-200,-200,-200,-76,-200,-200,-200,-200,-200,-200,-200,12,2
-200,-200,-200,-200,-200,-77,-200,-200,-200,-200,-200,-200,-200,12,2
-200,-82,-200,-200,-200,-200,-200,-200,-200,-200,-200,-200,-200,12,2
-200,-200,-200,-200,-78,-200,-200,-200,-200,-200,-200,-200,-200,11,8
-200,-200,-200,-200,-78,-77,-200,-200,-200,-200,-200,-200,-200,11,8
-200,-200,-200,-200,-76,-82,-200,-200,-200,-200,-200,-200,-200,11,8
-200,-200,-200,-200,-77,-79,-200,-200,-200,-200,-200,-200,-200,11,8
-200,-200,-200,-200,-200,-78,-200,-200,-200,-200,-200,-200,-200,11,8
-200,-200,-200,-200,-80,-200,-200,-80,-200,-200,-200,-200,-200,11,8
-200,-200,-200,-200,-77,-200,-200,-200,-200,-200,-200,-200,-200,11,8
-200,-200,-200,-200,-76,-77,-200,-200,-200,-200,-200,-200,-200,11,7
-200,-200,-200,-200,-75,-76,-200,-80,-200,-200,-200,-200,-200,11,7
-200,-200,-200,-200,-200,-79,-200,-200,-200,-200,-200,-200,-200,11,7
-200,-200,-200,-200,-80,-200,-200,-200,-200,-200,-200,-200,-200,11,7
-200,-200,-200,-200,-72,-78,-200,-200,-200,-200,-200,-200,-200,11,7
-200,-200,-200,-200,-73,-78,-200,-200,-200,-200,-200,-200,-200,11,7
-200,-200,-200,-200,-73,-77,-200,-200,-200,-200,-200,-200,-200,11,6
-200,-79,-200,-200,-74,-76,-200,-200,-200,-200,-200,-200,-200,11,6
-200,-82,-200,-200,-75,-200,-200,-200,-200,-200,-200,-200,-200,11,6
-200,-200,-200,-200,-75,-79,-200,-200,-200,-200,-200,-200,-200,11,6
-200,-79,-200,-200,-200,-200,-200,-200,-200,-200,-200,-200,-200,11,6
-200,-78,-200,-200,-78,-78,-200,-200,-200,-200,-200,-200,-200,11,6
-200,-200,-200,-200,-76,-200,-200,-200,-200,-200,-200,-200,-200,11,5
-200,-71,-200,-200,-200,-200,-200,-200,-200,-200,-200,-200,-200,11,5
-200,-81,-78,-200,-200,-200,-200,-200,-200,-200,-200,-200,-200,11,5
-200,-74,-200,-200,-200,-200,-200,-200,-200,-200,-200,-200,-200,11,5
-200,-74,-200,-200,-200,-200,-200,-200,-200,-200,-200,-200,-200,11,5
-200,-75,-79,-200,-200,-200,-200,-200,-200,-200,-200,-200,-200,11,4
-200,-74,-79,-200,-200,-200,-200,-200,-200,-200,-200,-200,-200,11,4
-200,-79,-72,-80,-200,-79,-200,-200,-200,-200,-200,-200,-200,11,4
-200,-73,-73,-200,-200,-200,-200,-200,-200,-200,-200,-200,-200,11,4
-200,-75,-79,-200,-200,-81,-200,-200,-200,-200,-200,-200,-200,11,4
-200,-76,-79,-200,-200,-200,-200,-200,-200,-200,-200,-200,-200,11,4
-200,-80,-200,-200,-200,-200,-200,-200,-200,-200,-200,-200,-200,11,3
-200,-78,-200,-200,-200,-200,-200,-200,-200,-200,-200,-200,-200,11,3
-200,-80,-200,-200,-200,-200,-200,-200,-200,-200,-200,-200,-200,11,3
-200,-200,-81,-200,-200,-200,-200,-200,-200,-200,-200,-200,-200,11,3
-200,-73,-200,-200,-200,-200,-200,-200,-200,-200,-200,-200,-200,11,2
-200,-81,-200,-200,-200,-200,-200,-200,-200,-200,-200,-200,-200,11,2
-200,-200,-200,-200,-200,-81,-200,-200,-200,-200,-200,-200,-200,11,1
-200,-200,-200,-200,-200,-78,-200,-200,-200,-200,-200,-200,-200,11,1
-200,-72,-200,-200,-200,-200,-200,-200,-200,-200,-200,-200,-200,10,1
-200,-79,-200,-200,-200,-200,-200,-200,-200,-200,-200,-200,-200,10,1
-200,-76,-200,-200,-200,-200,-200,-200,-200,-200,-200,-200,-200,10,1
-200,-81,-200,-200,-200,-200,-200,-200,-200,-200,-200,-200,-200,10,1
-200,-77,-76,-200,-200,-200,-200,-200,-200,-200,-200,-200,-200,10,2
-200,-79,-78,-200,-200,-200,-200,-200,-200,-200,-200,-200,-200,10,2
-200,-78,-200,-200,-200,-200,-200,-200,-200,-200,-200,-200,-200,10,2
-200,-69,-200,-200,-200,-200,-200,-200,-200,-200,-200,-200,-200,10,2
-200,-76,-79,-200,-200,-200,-200,-200,-200,-200,-200,-200,-200,10,2
-200,-73,-78,-200,-200,-200,-200,-200,-200,-200,-200,-200,-200,10,2
-200,-72,-200,-200,-200,-200,-200,-200,-200,-200,-200,-200,-200,10,3
-200,-77,-200,-200,-200,-200,-200,-200,-200,-200,-200,-200,-200,10,3
-200,-68,-200,-200,-200,-200,-200,-200,-200,-200,-200,-200,-200,10,3
-200,-74,-200,-200,-200,-200,-200,-200,-200,-200,-200,-200,-200,10,3
-200,-67,-200,-200,-200,-200,-200,-200,-200,-200,-200,-200,-200,10,3
-200,-68,-200,-200,-200,-200,-200,-200,-200,-200,-200,-200,-200,10,3
-200,-72,-200,-200,-200,-200,-200,-200,-200,-200,-200,-200,-200,10,4
-200,-80,-200,-200,-200,-200,-200,-200,-200,-200,-200,-200,-200,10,4
-200,-65,-200,-200,-200,-200,-200,-200,-200,-200,-200,-200,-200,10,4
-200,-66,-200,-200,-200,-200,-200,-200,-200,-200,-200,-200,-200,10,4
-200,-63,-200,-200,-76,-200,-200,-200,-200,-200,-200,-200,-200,10,5
-200,-63,-200,-200,-83,-200,-200,-200,-200,-200,-200,-200,-200,10,5
-200,-60,-200,-200,-200,-200,-200,-200,-200,-200,-200,-200,-200,10,5
-200,-63,-200,-200,-79,-200,-200,-200,-200,-200,-200,-200,-200,10,5
-200,-77,-200,-200,-200,-200,-200,-200,-200,-200,-200,-200,-200,10,6
-200,-200,-200,-200,-75,-200,-200,-200,-200,-200,-200,-200,-200,10,6
-200,-81,-200,-200,-76,-200,-200,-80,-200,-200,-200,-200,-200,10,6
-200,-73,-200,-200,-74,-200,-200,-200,-200,-200,-200,-200,-200,10,6
-200,-74,-200,-200,-68,-200,-200,-81,-200,-200,-200,-200,-200,10,7
-200,-75,-200,-200,-71,-200,-200,-200,-200,-200,-200,-200,-200,10,7
-200,-200,-200,-200,-69,-200,-200,-200,-200,-200,-200,-200,-200,10,7
-200,-200,-200,-200,-73,-200,-200,-200,-200,-200,-200,-200,-200,10,7
-200,-200,-83,-200,-68,-200,-200,-200,-200,-200,-200,-200,-200,10,7
-200,-200,-200,-200,-66,-200,-200,-200,-200,-200,-200,-200,-200,10,7
-200,-85,-200,-200,-200,-200,-200,-200,-200,-200,-200,-200,-200,10,8
-200,-200,-200,-200,-200,-200,-200,-81,-200,-200,-200,-200,-200,10,8
-200,-200,-200,-200,-200,-200,-200,-200,-82,-200,-200,-200,-200,4,13
-200,-200,-200,-200,-200,-200,-200,-200,-78,-200,-200,-200,-200,4,13
-200,-200,-200,-200,-200,-200,-200,-200,-74,-200,-200,-200,-200,4,13
-200,-200,-200,-200,-200,-200,-200,-200,-71,-200,-200,-200,-200,4,14
-200,-200,-200,-200,-200,-200,-200,-200,-66,-200,-200,-200,-200,4,14
-200,-200,-200,-200,-200,-200,-200,-200,-76,-200,-200,-200,-200,4,15
-200,-200,-200,-200,-200,-200,-200,-200,-73,-200,-200,-200,-200,4,15
-200,-200,-200,-200,-200,-200,-200,-200,-61,-200,-200,-200,-200,4,15
-200,-200,-200,-200,-200,-78,-200,-72,-200,-81,-200,-200,-200,9,10
-200,-200,-200,-200,-200,-200,-200,-72,-200,-200,-200,-200,-200,9,10
-200,-200,-200,-200,-200,-200,-200,-69,-200,-200,-200,-200,-200,9,10
-200,-86,-200,-200,-200,-200,-200,-70,-200,-200,-200,-200,-200,9,9
-200,-200,-200,-200,-76,-200,-200,-64,-200,-200,-200,-200,-200,9,9
-200,-200,-200,-200,-74,-79,-200,-70,-200,-200,-200,-200,-200,9,9
-77,-200,-200,-200,-73,-200,-200,-66,-200,-200,-200,-200,-200,9,9
-78,-200,-200,-200,-200,-200,-200,-78,-200,-200,-200,-200,-200,9,8
-200,-200,-200,-200,-200,-78,-200,-200,-200,-200,-200,-200,-200,9,8
-200,-200,-200,-88,-79,-200,-200,-72,-200,-200,-200,-200,-200,9,8
-200,-200,-200,-200,-80,-200,-200,-200,-200,-200,-200,-200,-200,9,8
-80,-200,-200,-200,-76,-200,-200,-73,-200,-200,-200,-200,-200,9,8
-80,-200,-200,-200,-73,-84,-200,-76,-200,-200,-200,-200,-200,9,8
-80,-200,-200,-200,-78,-200,-200,-76,-200,-200,-200,-200,-200,9,7
-200,-200,-200,-200,-73,-200,-200,-200,-200,-200,-200,-200,-200,9,7
-77,-80,-200,-200,-200,-200,-200,-200,-200,-200,-200,-200,-200,9,7
-200,-75,-200,-200,-72,-200,-200,-200,-200,-200,-200,-200,-200,9,7
-200,-81,-200,-200,-200,-200,-200,-77,-200,-200,-200,-200,-200,9,7
-200,-77,-200,-200,-81,-200,-200,-77,-200,-200,-200,-200,-200,9,7
-200,-82,-200,-200,-70,-200,-200,-200,-200,-200,-200,-200,-200,9,6
-200,-82,-200,-200,-70,-200,-200,-200,-200,-200,-200,-200,-200,9,6
-200,-77,-200,-200,-75,-200,-200,-200,-200,-200,-200,-200,-200,9,6
-200,-76,-200,-200,-75,-200,-200,-200,-200,-200,-200,-200,-200,9,6
-200,-74,-200,-200,-78,-200,-200,-200,-200,-200,-200,-200,-200,9,5
-200,-76,-85,-200,-75,-200,-200,-82,-200,-200,-200,-200,-200,9,5
-200,-80,-200,-200,-81,-200,-200,-200,-200,-200,-200,-200,-200,9,5
-200,-80,-200,-200,-200,-200,-200,-200,-200,-200,-200,-200,-200,9,5
-200,-74,-200,-200,-78,-200,-200,-200,-200,-200,-200,-200,-200,9,4
-200,-74,-200,-200,-200,-200,-200,-200,-200,-200,-200,-200,-200,9,4
-200,-73,-200,-200,-79,-200,-200,-200,-200,-200,-200,-200,-200,9,3
-200,-73,-200,-200,-80,-200,-200,-200,-200,-200,-200,-200,-200,9,3
-200,-76,-200,-200,-200,-200,-200,-200,-200,-200,-200,-200,-200,9,3
-200,-200,-200,-200,-78,-200,-200,-200,-200,-200,-200,-200,-200,9,3
-200,-70,-200,-86,-200,-87,-200,-200,-200,-200,-200,-200,-200,9,3
-200,-79,-200,-200,-200,-200,-200,-200,-200,-200,-200,-200,-200,9,3
-200,-63,-200,-200,-200,-200,-200,-200,-200,-200,-200,-200,-200,9,2
-200,-78,-200,-200,-200,-79,-200,-200,-200,-200,-200,-200,-200,9,2
-200,-200,-200,-200,-80,-200,-200,-200,-200,-200,-200,-200,-200,9,2
-200,-68,-87,-200,-200,-200,-200,-200,-200,-200,-200,-200,-200,9,2
-200,-75,-200,-200,-200,-200,-200,-200,-200,-200,-200,-200,-200,9,2
-200,-70,-200,-200,-200,-200,-200,-200,-200,-200,-200,-200,-200,9,1
-200,-70,-200,-200,-200,-200,-200,-200,-200,-200,-200,-200,-200,9,1
-200,-70,-200,-200,-200,-200,-200,-200,-200,-200,-200,-200,-200,9,1
-200,-200,-200,-200,-74,-200,-200,-200,-200,-200,-200,-200,-200,10,8
-200,-200,-200,-200,-72,-200,-200,-79,-200,-200,-200,-200,-200,10,8
-200,-84,-200,-200,-74,-200,-200,-74,-200,-200,-200,-200,-200,10,8
-200,-81,-200,-200,-73,-200,-200,-200,-200,-200,-200,-200,-200,10,7
-200,-200,-200,-200,-77,-200,-200,-200,-200,-200,-200,-200,-200,10,7
-200,-200,-200,-200,-73,-200,-200,-200,-200,-200,-200,-200,-200,10,7
-200,-200,-200,-200,-74,-80,-200,-200,-200,-200,-200,-200,-200,10,7
-200,-75,-200,-200,-70,-200,-200,-200,-200,-200,-200,-200,-200,10,6
-200,-72,-200,-200,-69,-200,-200,-200,-200,-200,-200,-200,-200,10,6
-200,-69,-200,-200,-200,-200,-200,-200,-200,-200,-200,-200,-200,10,6
-200,-73,-200,-200,-76,-200,-200,-200,-200,-200,-200,-200,-200,10,6
-200,-78,-200,-200,-200,-200,-200,-200,-200,-200,-200,-200,-200,9,6
-200,-73,-200,-200,-75,-200,-200,-200,-200,-200,-200,-200,-200,9,6
-200,-78,-200,-200,-78,-200,-200,-200,-200,-200,-200,-200,-200,9,6
-200,-80,-200,-200,-200,-200,-200,-200,-200,-200,-200,-200,-200,9,6
-200,-77,-200,-200,-81,-200,-200,-81,-200,-200,-200,-200,-200,9,8
-200,-77,-200,-200,-79,-200,-200,-200,-200,-200,-200,-200,-200,9,8
-200,-75,-200,-200,-78,-200,-200,-80,-200,-200,-200,-200,-200,9,8
-200,-79,-200,-200,-79,-200,-200,-200,-200,-200,-200,-200,-200,9,8
-79,-200,-200,-200,-80,-200,-200,-78,-200,-200,-200,-200,-200,9,8
-77,-200,-200,-200,-78,-200,-200,-76,-200,-200,-200,-200,-200,9,8
-200,-200,-200,-200,-200,-200,-200,-74,-200,-200,-200,-200,-200,9,8
-72,-200,-200,-200,-200,-200,-200,-72,-200,-200,-200,-200,-200,9,8
-200,-81,-200,-200,-72,-200,-200,-200,-200,-200,-200,-200,-200,9,7
-200,-200,-200,-200,-72,-200,-85,-200,-200,-200,-200,-200,-200,9,7
-200,-200,-200,-200,-72,-200,-200,-200,-200,-200,-200,-200,-200,9,7
-200,-200,-200,-200,-72,-200,-200,-200,-200,-200,-200,-200,-200,9,7
-200,-200,-200,-200,-200,-200,-200,-200,-200,-200,-200,-200,-75,23,15
-200,-200,-200,-200,-200,-200,-200,-200,-200,-200,-200,-200,-67,23,15
-200,-200,-200,-200,-200,-200,-200,-200,-200,-200,-200,-200,-71,23,15
-200,-200,-200,-200,-200,-200,-200,-200,-200,-200,-200,-200,-75,23,15
-200,-200,-200,-200,-200,-200,-200,-200,-200,-200,-200,-200,-62,23,15
-200,-200,-200,-200,-200,-200,-200,-200,-200,-200,-200,-200,-61,23,15
-200,-200,-200,-200,-200,-200,-200,-200,-200,-200,-200,-81,-81,20,15
-200,-200,-200,-200,-200,-200,-200,-200,-200,-200,-200,-200,-76,20,15
-200,-200,-200,-200,-200,-200,-200,-200,-200,-200,-200,-67,-200,18,15
-200,-200,-200,-200,-200,-200,-200,-200,-200,-200,-200,-67,-79,18,15
-200,-200,-200,-200,-200,-200,-200,-200,-200,-200,-200,-60,-200,18,15
-200,-200,-200,-200,-200,-200,-200,-78,-200,-200,-200,-65,-200,18,15
-200,-200,-200,-200,-200,-200,-200,-200,-200,-200,-200,-62,-200,18,15
-200,-200,-200,-200,-200,-200,-200,-200,-200,-200,-200,-60,-200,18,15
-200,-200,-200,-200,-200,-200,-200,-200,-200,-200,-200,-73,-200,16,15
-200,-200,-200,-200,-200,-200,-200,-200,-200,-200,-200,-76,-200,16,15
-200,-200,-200,-200,-200,-200,-200,-200,-200,-200,-200,-81,-200,16,15
-200,-200,-200,-200,-200,-200,-200,-200,-200,-200,-200,-77,-200,16,15
-200,-200,-200,-200,-200,-200,-200,-200,-200,-200,-76,-200,-200,14,15
-200,-200,-200,-200,-200,-200,-200,-200,-200,-200,-79,-80,-200,14,15
-200,-200,-200,-200,-200,-200,-200,-200,-200,-200,-61,-200,-200,14,15
-200,-200,-200,-200,-200,-200,-200,-200,-200,-200,-66,-200,-200,14,15
-200,-200,-200,-200,-200,-200,-200,-200,-200,-200,-81,-81,-200,12,15
-200,-200,-200,-200,-200,-200,-200,-200,-200,-200,-70,-82,-200,12,15
-200,-200,-200,-200,-200,-200,-200,-200,-200,-78,-200,-81,-81,12,15
-200,-200,-200,-200,-200,-200,-200,-200,-200,-200,-72,-79,-200,12,15
-200,-200,-200,-200,-200,-200,-200,-200,-200,-200,-68,-200,-200,12,15
-200,-200,-200,-200,-200,-200,-200,-200,-200,-62,-75,-200,-200,10,15
-200,-200,-200,-200,-200,-200,-200,-200,-200,-67,-85,-200,-200,10,15
-200,-200,-200,-200,-200,-200,-200,-200,-200,-79,-200,-200,-200,7,15
-200,-200,-200,-200,-200,-200,-200,-200,-200,-78,-200,-200,-200,7,15
-200,-200,-200,-200,-200,-200,-200,-200,-72,-200,-200,-200,-200,5,15
-200,-200,-200,-200,-200,-200,-200,-200,-78,-200,-200,-200,-200,5,15
-200,-200,-200,-200,-200,-200,-200,-200,-59,-200,-200,-200,-200,4,15
-200,-200,-200,-200,-200,-200,-200,-200,-59,-200,-200,-200,-200,4,15
-200,-200,-200,-200,-200,-200,-200,-200,-56,-200,-200,-200,-200,4,15
-200,-200,-200,-200,-200,-200,-200,-200,-57,-200,-200,-200,-200,4,15
-200,-200,-200,-200,-77,-200,-200,-63,-200,-200,-200,-200,-200,10,10
-200,-200,-200,-200,-200,-200,-200,-62,-200,-200,-200,-200,-200,10,10
-200,-200,-200,-200,-200,-200,-200,-56,-200,-200,-200,-200,-200,10,10
-200,-80,-200,-200,-200,-200,-200,-62,-200,-79,-200,-200,-200,10,10
-200,-200,-200,-200,-200,-200,-200,-60,-200,-200,-200,-200,-200,9,10
-200,-200,-200,-200,-78,-200,-200,-69,-200,-200,-200,-200,-200,9,10
-200,-200,-200,-200,-200,-200,-200,-71,-200,-80,-200,-200,-200,9,10
-200,-200,-200,-200,-200,-200,-200,-67,-200,-81,-200,-200,-200,9,10
-200,-200,-200,-200,-74,-200,-200,-78,-200,-200,-200,-200,-200,9,7
-200,-80,-200,-200,-68,-200,-200,-76,-200,-200,-200,-200,-200,9,7
-200,-83,-200,-200,-68,-200,-200,-82,-200,-200,-200,-200,-200,9,7
-200,-200,-200,-200,-66,-200,-200,-200,-200,-200,-200,-200,-200,9,7
-200,-200,-200,-200,-61,-200,-200,-200,-200,-200,-200,-200,-200,10,7
-200,-200,-200,-200,-61,-200,-200,-200,-200,-200,-200,-200,-200,10,7
-200,-200,-200,-200,-60,-200,-200,-77,-200,-200,-200,-200,-200,10,7
-200,-200,-200,-200,-63,-200,-200,-200,-200,-200,-200,-200,-200,10,7
-200,-78,-200,-200,-200,-200,-200,-200,-200,-200,-200,-200,-200,10,2
-200,-73,-200,-200,-200,-200,-200,-200,-200,-200,-200,-200,-200,10,2
-200,-65,-200,-200,-200,-200,-200,-200,-200,-200,-200,-200,-200,10,4
-200,-67,-200,-200,-200,-200,-200,-200,-200,-200,-200,-200,-200,10,4
-200,-60,-200,-200,-79,-200,-200,-200,-200,-200,-200,-200,-200,10,4
-200,-61,-200,-200,-200,-200,-200,-200,-200,-200,-200,-200,-200,10,4
-200,-74,-200,-200,-200,-80,-200,-200,-200,-200,-200,-200,-200,9,4
-200,-70,-200,-200,-200,-200,-200,-200,-200,-200,-200,-200,-200,9,4
-67,-200,-200,-200,-200,-200,-200,-200,-200,-200,-200,-200,-200,6,8
-70,-200,-200,-200,-200,-200,-200,-200,-200,-200,-200,-200,-200,6,8
-200,-68,-200,-200,-81,-200,-200,-200,-200,-200,-200,-200,-200,9,6
-200,-70,-200,-200,-77,-200,-200,-200,-200,-200,-200,-200,-200,9,6
-200,-71,-200,-200,-81,-200,-200,-78,-200,-200,-200,-200,-200,9,6
-200,-71,-200,-200,-73,-200,-200,-81,-200,-200,-200,-200,-200,9,6
-200,-75,-200,-200,-80,-200,-200,-79,-200,-200,-200,-200,-200,9,6
-200,-75,-200,-200,-80,-200,-200,-77,-200,-200,-200,-200,-200,9,6
-200,-73,-200,-200,-200,-200,-200,-77,-200,-200,-200,-200,-200,10,6
-200,-78,-200,-200,-200,-200,-200,-77,-200,-200,-200,-200,-200,10,6
-200,-81,-200,-200,-200,-200,-200,-200,-200,-200,-200,-200,-200,10,6
-200,-80,-200,-200,-77,-200,-200,-200,-200,-200,-200,-200,-200,10,6
-200,-76,-200,-200,-200,-200,-200,-200,-200,-200,-200,-200,-200,10,6
-200,-74,-200,-200,-77,-200,-200,-200,-200,-200,-200,-200,-200,10,6
-200,-72,-200,-200,-75,-200,-200,-200,-200,-200,-200,-200,-200,10,6
-200,-79,-200,-200,-200,-200,-200,-78,-200,-200,-200,-200,-200,10,6
-200,-77,-200,-200,-74,-200,-200,-200,-200,-200,-200,-200,-200,11,6
-200,-79,-200,-200,-76,-200,-200,-200,-200,-200,-200,-200,-200,11,6
-200,-80,-200,-200,-200,-200,-200,-200,-200,-200,-200,-200,-200,11,6
-200,-200,-200,-200,-72,-200,-200,-200,-200,-200,-200,-200,-200,11,6
-200,-200,-200,-200,-79,-78,-200,-200,-200,-200,-200,-200,-200,11,6
-200,-200,-200,-200,-200,-81,-200,-200,-200,-200,-200,-200,-200,11,6
-200,-200,-200,-200,-78,-200,-200,-200,-200,-200,-200,-200,-200,12,6
-200,-200,-200,-200,-78,-76,-200,-200,-200,-200,-200,-200,-200,12,6
-200,-200,-200,-200,-200,-81,-200,-200,-200,-200,-200,-200,-200,12,6
-200,-200,-200,-200,-73,-200,-200,-200,-200,-200,-200,-200,-200,12,6
-200,-200,-200,-200,-79,-80,-200,-200,-200,-200,-200,-200,-200,12,6
-200,-200,-200,-200,-82,-200,-200,-200,-200,-200,-200,-200,-200,12,6
-200,-200,-200,-200,-81,-200,-200,-200,-200,-200,-200,-200,-200,12,6
-200,-200,-200,-200,-79,-200,-200,-200,-200,-200,-200,-200,-200,12,6
-200,-200,-200,-200,-77,-200,-200,-200,-200,-200,-200,-200,-200,12,6
-200,-200,-200,-200,-81,-83,-200,-200,-200,-200,-200,-200,-200,13,6
-200,-200,-200,-200,-200,-86,-200,-200,-200,-200,-200,-200,-200,13,6
-200,-200,-200,-200,-83,-200,-200,-200,-200,-200,-200,-200,-200,13,6
-200,-200,-200,-200,-74,-200,-200,-200,-200,-200,-200,-200,-200,13,6
-200,-200,-200,-200,-81,-72,-200,-200,-200,-200,-200,-200,-200,13,6
-200,-200,-200,-200,-78,-72,-200,-200,-200,-200,-200,-200,-200,13,6
-200,-81,-200,-200,-80,-71,-200,-200,-200,-200,-200,-200,-200,13,6
-200,-200,-200,-200,-200,-70,-200,-200,-200,-200,-200,-200,-200,13,6
-200,-200,-200,-200,-200,-69,-200,-200,-200,-200,-200,-200,-200,13,6
-200,-200,-200,-200,-80,-77,-200,-200,-200,-200,-200,-200,-200,13,6
-200,-200,-200,-200,-200,-67,-200,-200,-200,-200,-200,-200,-200,14,6
-200,-200,-200,-200,-200,-69,-200,-200,-200,-200,-200,-200,-200,14,6
-200,-200,-200,-200,-81,-200,-200,-200,-200,-200,-200,-200,-200,14,6
-200,-200,-200,-200,-80,-200,-200,-200,-200,-200,-200,-200,-200,14,6
-200,-200,-200,-200,-200,-63,-200,-200,-200,-200,-200,-200,-200,14,6
-200,-200,-200,-200,-200,-68,-200,-200,-200,-200,-200,-200,-200,14,6
-200,-200,-200,-200,-200,-67,-200,-200,-200,-200,-200,-200,-200,14,6
-200,-200,-200,-200,-200,-67,-200,-200,-200,-200,-200,-200,-200,14,6
-200,-200,-200,-200,-200,-73,-200,-200,-200,-200,-200,-200,-200,15,6
-200,-200,-200,-200,-200,-70,-200,-200,-200,-200,-200,-200,-200,15,6
-200,-200,-200,-200,-200,-78,-200,-200,-200,-200,-200,-200,-200,15,6
-200,-200,-200,-200,-200,-80,-200,-200,-200,-200,-200,-200,-200,15,6
-200,-200,-200,-200,-200,-67,-200,-200,-200,-200,-200,-200,-200,15,6
-200,-200,-200,-200,-200,-69,-200,-200,-200,-200,-200,-200,-200,15,6
-200,-200,-200,-81,-200,-77,-200,-200,-200,-200,-200,-200,-200,15,6
-200,-200,-200,-200,-200,-74,-200,-200,-200,-200,-200,-200,-200,15,6
-200,-200,-200,-200,-200,-77,-200,-200,-200,-200,-200,-200,-200,16,6
-200,-200,-200,-81,-200,-77,-200,-200,-200,-200,-200,-200,-200,16,6
-200,-200,-200,-200,-200,-79,-200,-200,-200,-200,-200,-200,-200,16,6
-200,-200,-200,-80,-200,-80,-200,-200,-200,-200,-200,-200,-200,16,6
-200,-200,-200,-200,-200,-80,-200,-200,-200,-200,-200,-200,-200,17,6
-200,-200,-200,-200,-200,-76,-200,-200,-200,-200,-200,-200,-200,17,6
-200,-200,-200,-200,-200,-200,-81,-200,-200,-200,-200,-200,-200,18,6
-200,-200,-200,-78,-200,-200,-79,-200,-200,-200,-200,-200,-200,18,6
-200,-200,-200,-200,-200,-200,-77,-200,-200,-200,-200,-200,-200,18,6
-200,-200,-200,-74,-200,-200,-200,-200,-200,-200,-200,-200,-200,19,6
-200,-200,-200,-77,-200,-200,-82,-200,-200,-200,-200,-200,-200,19,6
-200,-200,-200,-82,-200,-200,-78,-200,-200,-200,-200,-200,-200,19,6
-200,-200,-200,-200,-200,-200,-80,-200,-200,-200,-200,-200,-200,19,6
-200,-200,-200,-78,-200,-200,-200,-200,-200,-200,-200,-200,-200,19,6
-200,-200,-200,-78,-200,-200,-79,-200,-200,-200,-200,-200,-200,19,6
-200,-200,-200,-71,-200,-200,-200,-200,-200,-200,-200,-200,-200,21,5
-200,-200,-200,-71,-200,-200,-200,-200,-200,-200,-200,-200,-200,21,5
-200,-200,-200,-77,-200,-200,-200,-200,-200,-200,-200,-200,-200,21,5
-200,-200,-200,-77,-200,-200,-200,-200,-200,-200,-200,-200,-200,21,5
-200,-200,-200,-81,-200,-200,-200,-200,-200,-200,-200,-200,-200,20,5
-200,-200,-200,-80,-200,-200,-200,-200,-200,-200,-200,-200,-200,20,5
-200,-200,-200,-200,-200,-200,-80,-200,-200,-200,-200,-200,-200,20,5
-200,-200,-200,-76,-200,-200,-200,-200,-200,-200,-200,-200,-200,20,5
-200,-200,-200,-78,-200,-200,-200,-200,-200,-200,-200,-200,-200,20,5
-200,-200,-200,-74,-200,-200,-200,-200,-200,-200,-200,-200,-200,19,5
-200,-200,-200,-63,-200,-200,-200,-200,-200,-200,-200,-200,-200,19,5
-200,-200,-200,-65,-200,-200,-82,-200,-200,-200,-200,-200,-200,19,5
-200,-200,-200,-70,-200,-200,-200,-200,-200,-200,-200,-200,-200,19,5
-200,-200,-200,-70,-200,-200,-200,-200,-200,-200,-200,-200,-200,19,5
-200,-200,-200,-76,-200,-200,-200,-200,-200,-200,-200,-200,-200,19,5
-200,-200,-200,-70,-200,-200,-200,-200,-200,-200,-200,-200,-200,19,5
-200,-200,-200,-71,-200,-200,-200,-200,-200,-200,-200,-200,-200,18,5
-200,-200,-200,-79,-200,-200,-200,-200,-200,-200,-200,-200,-200,18,5
-200,-200,-200,-75,-200,-200,-200,-200,-200,-200,-200,-200,-200,18,5
-200,-200,-200,-76,-200,-200,-200,-200,-200,-200,-200,-200,-200,18,5
-200,-200,-200,-77,-200,-200,-81,-200,-200,-200,-200,-200,-200,18,5
-200,-200,-200,-200,-200,-200,-80,-200,-200,-200,-200,-200,-200,18,5
-200,-200,-200,-65,-200,-200,-200,-200,-200,-200,-200,-200,-200,18,5
-200,-200,-200,-70,-200,-200,-81,-200,-200,-200,-200,-200,-200,18,5
-200,-81,-200,-78,-200,-200,-200,-200,-200,-200,-200,-200,-200,17,5
-200,-200,-200,-81,-200,-200,-200,-200,-200,-200,-200,-200,-200,17,5
-200,-200,-200,-67,-200,-200,-200,-200,-200,-200,-200,-200,-200,17,5
-200,-200,-200,-75,-200,-200,-200,-200,-200,-200,-200,-200,-200,17,5
-200,-200,-200,-69,-200,-200,-200,-200,-200,-200,-200,-200,-200,17,5
-200,-200,-200,-69,-200,-200,-200,-200,-200,-200,-200,-200,-200,17,5
-200,-200,-200,-76,-200,-200,-200,-200,-200,-200,-200,-200,-200,17,5
-200,-200,-200,-72,-200,-200,-200,-200,-200,-200,-200,-200,-200,17,5
-200,-200,-200,-79,-200,-200,-200,-200,-200,-200,-200,-200,-200,17,5
-200,-200,-200,-74,-200,-200,-200,-200,-200,-200,-200,-200,-200,17,5
-200,-200,-200,-75,-200,-200,-200,-200,-200,-200,-200,-200,-200,17,5
-200,-200,-200,-200,-200,-80,-200,-200,-200,-200,-200,-200,-200,17,5
-200,-200,-200,-79,-200,-76,-200,-200,-200,-200,-200,-200,-200,16,5
-200,-200,-200,-200,-200,-76,-200,-200,-200,-200,-200,-200,-200,16,5
-200,-200,-200,-71,-200,-200,-200,-200,-200,-200,-200,-200,-200,16,5
-200,-200,-200,-72,-200,-200,-200,-200,-200,-200,-200,-200,-200,16,5
-200,-200,-200,-80,-200,-80,-200,-200,-200,-200,-200,-200,-200,16,5
-200,-200,-200,-76,-200,-79,-200,-200,-200,-200,-200,-200,-200,16,5
-200,-200,-200,-76,-200,-200,-200,-200,-200,-200,-200,-200,-200,15,5
-200,-200,-200,-72,-200,-200,-200,-200,-200,-200,-200,-200,-200,15,5
-200,-200,-200,-72,-200,-200,-200,-200,-200,-200,-200,-200,-200,15,5
-200,-200,-200,-71,-200,-200,-200,-200,-200,-200,-200,-200,-200,15,5
-200,-200,-200,-77,-200,-200,-200,-200,-200,-200,-200,-200,-200,15,5
-200,-200,-200,-77,-200,-200,-200,-200,-200,-200,-200,-200,-200,15,5
-200,-200,-200,-77,-200,-75,-200,-200,-200,-200,-200,-200,-200,15,5
-200,-200,-200,-80,-200,-74,-200,-200,-200,-200,-200,-200,-200,15,5
-200,-200,-200,-73,-200,-200,-200,-200,-200,-200,-200,-200,-200,15,5
-200,-200,-200,-73,-200,-80,-200,-200,-200,-200,-200,-200,-200,15,5
-200,-200,-200,-79,-200,-78,-200,-200,-200,-200,-200,-200,-200,15,5
-200,-200,-200,-80,-200,-77,-200,-200,-200,-200,-200,-200,-200,15,5
-200,-200,-200,-79,-82,-200,-200,-200,-200,-200,-200,-200,-200,14,5
-200,-200,-200,-200,-200,-78,-200,-200,-200,-200,-200,-200,-200,14,5
-200,-200,-200,-200,-200,-73,-200,-200,-200,-200,-200,-200,-200,14,5
-200,-200,-200,-200,-200,-79,-200,-200,-200,-200,-200,-200,-200,14,5
-200,-200,-200,-200,-200,-76,-200,-200,-200,-200,-200,-200,-200,14,5
-200,-200,-200,-200,-200,-78,-200,-200,-200,-200,-200,-200,-200,14,5
-200,-200,-200,-77,-200,-78,-200,-200,-200,-200,-200,-200,-200,13,5
-200,-200,-200,-200,-200,-81,-200,-200,-200,-200,-200,-200,-200,13,5
-200,-200,-200,-200,-200,-79,-200,-200,-200,-200,-200,-200,-200,13,5
-200,-81,-200,-200,-78,-200,-200,-200,-200,-200,-200,-200,-200,13,5
-200,-200,-200,-200,-80,-200,-200,-200,-200,-200,-200,-200,-200,13,5
-200,-77,-200,-200,-200,-200,-200,-200,-200,-200,-200,-200,-200,12,5
-200,-81,-200,-200,-200,-200,-200,-200,-200,-200,-200,-200,-200,12,5
-200,-77,-200,-80,-200,-200,-200,-200,-200,-200,-200,-200,-200,12,5
-200,-200,-200,-200,-200,-74,-200,-200,-200,-200,-200,-200,-200,12,5
-200,-200,-200,-200,-200,-74,-200,-200,-200,-200,-200,-200,-200,12,5
-200,-81,-200,-200,-200,-79,-200,-200,-200,-200,-200,-200,-200,11,5
-200,-78,-200,-78,-200,-77,-200,-200,-200,-200,-200,-200,-200,11,5
-200,-80,-200,-200,-200,-82,-200,-200,-200,-200,-200,-200,-200,11,5
-200,-74,-200,-200,-200,-200,-200,-200,-200,-200,-200,-200,-200,11,5
-200,-70,-200,-200,-200,-200,-200,-200,-200,-200,-200,-200,-200,11,5
-200,-70,-200,-200,-200,-200,-200,-200,-200,-200,-200,-200,-200,11,5
-200,-69,-200,-200,-200,-200,-200,-200,-200,-200,-200,-200,-200,11,5
-200,-76,-200,-200,-200,-200,-200,-200,-200,-200,-200,-200,-200,11,5
-200,-72,-200,-200,-200,-200,-200,-200,-200,-200,-200,-200,-200,11,5
-200,-66,-200,-200,-200,-200,-200,-200,-200,-200,-200,-200,-200,10,5
-200,-67,-200,-200,-82,-200,-200,-200,-200,-200,-200,-200,-200,10,5
-200,-71,-200,-200,-200,-200,-200,-200,-200,-200,-200,-200,-200,10,5
-200,-69,-200,-200,-200,-200,-200,-200,-200,-200,-200,-200,-200,10,5
-200,-65,-200,-200,-200,-200,-200,-80,-200,-200,-200,-200,-200,10,5
-200,-64,-200,-200,-200,-200,-200,-200,-200,-200,-200,-200,-200,10,5
-200,-66,-200,-200,-200,-200,-200,-200,-200,-200,-200,-200,-200,9,5
-200,-78,-200,-200,-200,-200,-200,-200,-200,-200,-200,-200,-200,9,5
-200,-75,-200,-200,-200,-200,-200,-200,-200,-200,-200,-200,-200,9,5
-200,-71,-200,-200,-200,-200,-200,-200,-200,-200,-200,-200,-200,9,5
-200,-73,-200,-200,-200,-200,-200,-200,-200,-200,-200,-200,-200,9,5
-200,-68,-200,-200,-200,-200,-200,-200,-200,-200,-200,-200,-200,9,5
-74,-200,-200,-200,-200,-200,-200,-200,-200,-200,-200,-200,-200,9,4
-200,-76,-200,-200,-200,-200,-200,-200,-200,-200,-200,-200,-200,9,4
-200,-70,-79,-200,-200,-200,-200,-200,-200,-200,-200,-200,-200,9,4
-200,-78,-200,-200,-200,-200,-200,-200,-200,-200,-200,-200,-200,9,4
-200,-65,-200,-200,-200,-200,-200,-200,-200,-200,-200,-200,-200,9,4
-200,-65,-200,-200,-200,-200,-200,-200,-200,-200,-200,-200,-200,9,4
-200,-75,-79,-200,-200,-200,-200,-200,-200,-200,-200,-200,-200,10,4
-200,-73,-200,-200,-200,-200,-200,-200,-200,-200,-200,-200,-200,10,4
-200,-76,-81,-200,-200,-200,-200,-200,-200,-200,-200,-200,-200,10,4
-200,-67,-200,-200,-200,-200,-200,-200,-200,-200,-200,-200,-200,10,4
-200,-68,-200,-200,-200,-200,-200,-200,-200,-200,-200,-200,-200,10,4
-200,-68,-200,-200,-200,-200,-200,-200,-200,-200,-200,-200,-200,10,4
-200,-70,-79,-200,-200,-200,-200,-200,-200,-200,-200,-200,-200,10,4
-200,-66,-200,-200,-200,-200,-200,-200,-200,-200,-200,-200,-200,10,4
-200,-66,-75,-200,-200,-200,-200,-200,-200,-200,-200,-200,-200,11,4
-200,-66,-79,-200,-200,-200,-200,-200,-200,-200,-200,-200,-200,11,4
-200,-66,-200,-200,-200,-200,-200,-200,-200,-200,-200,-200,-200,11,4
-200,-68,-77,-200,-200,-200,-200,-200,-200,-200,-200,-200,-200,11,4
-200,-64,-200,-200,-200,-200,-200,-200,-200,-200,-200,-200,-200,11,4
-200,-63,-200,-200,-200,-200,-200,-200,-200,-200,-200,-200,-200,11,4
-200,-66,-200,-200,-200,-200,-200,-200,-200,-200,-200,-200,-200,11,4
-200,-62,-200,-200,-200,-200,-200,-200,-200,-200,-200,-200,-200,11,4
-200,-67,-200,-200,-200,-200,-200,-200,-200,-200,-200,-200,-200,11,4
-200,-65,-200,-200,-200,-200,-200,-200,-200,-200,-200,-200,-200,11,4
-200,-66,-200,-200,-200,-200,-200,-200,-200,-200,-200,-200,-200,11,4
-200,-67,-81,-200,-200,-81,-200,-200,-200,-200,-200,-200,-200,11,4
-200,-200,-85,-200,-200,-200,-200,-200,-200,-200,-200,-200,-200,12,4
-200,-70,-200,-200,-200,-80,-200,-200,-200,-200,-200,-200,-200,12,4
-200,-66,-200,-200,-200,-200,-200,-200,-200,-200,-200,-200,-200,12,4
-200,-66,-200,-200,-200,-200,-200,-200,-200,-200,-200,-200,-200,12,4
-200,-66,-200,-200,-200,-200,-200,-200,-200,-200,-200,-200,-200,12,4
-200,-64,-200,-200,-200,-200,-200,-200,-200,-200,-200,-200,-200,12,4
-200,-71,-78,-200,-200,-200,-200,-200,-200,-200,-200,-200,-200,12,4
-200,-72,-80,-200,-200,-200,-200,-200,-200,-200,-200,-200,-200,12,4
-200,-72,-79,-200,-200,-200,-200,-200,-200,-200,-200,-200,-200,13,4
-200,-73,-200,-200,-200,-200,-200,-200,-200,-200,-200,-200,-200,13,4
-200,-75,-200,-200,-200,-200,-200,-200,-200,-200,-200,-200,-200,13,4
-200,-73,-200,-200,-200,-200,-200,-200,-200,-200,-200,-200,-200,13,4
-200,-81,-78,-200,-200,-200,-200,-200,-200,-200,-200,-200,-200,13,4
-200,-200,-78,-200,-200,-200,-200,-200,-200,-200,-200,-200,-200,13,4
-200,-200,-75,-200,-200,-200,-200,-200,-200,-200,-200,-200,-200,13,4
-200,-200,-74,-200,-200,-200,-200,-200,-200,-200,-200,-200,-200,13,4
-200,-71,-68,-200,-200,-200,-200,-200,-200,-200,-200,-200,-200,13,4
-200,-75,-200,-200,-200,-200,-200,-200,-200,-200,-200,-200,-200,13,4
-200,-75,-71,-200,-200,-200,-200,-200,-200,-200,-200,-200,-200,14,4
-200,-76,-68,-200,-200,-200,-200,-200,-200,-200,-200,-200,-200,14,4
-200,-78,-200,-200,-200,-200,-200,-200,-200,-200,-200,-200,-200,14,4
-200,-81,-60,-200,-200,-79,-200,-200,-200,-200,-200,-200,-200,14,4
-200,-81,-60,-200,-200,-200,-200,-200,-200,-200,-200,-200,-200,14,4
-200,-77,-60,-200,-200,-200,-200,-200,-200,-200,-200,-200,-200,15,4
-200,-77,-63,-200,-200,-77,-200,-200,-200,-200,-200,-200,-200,15,4
-200,-73,-56,-200,-200,-76,-200,-200,-200,-200,-200,-200,-200,15,4
-200,-77,-62,-200,-200,-80,-200,-200,-200,-200,-200,-200,-200,15,4
-200,-81,-61,-200,-200,-82,-200,-200,-200,-200,-200,-200,-200,15,4
-200,-77,-66,-200,-200,-78,-200,-200,-200,-200,-200,-200,-200,15,4
-200,-200,-74,-200,-200,-200,-200,-200,-200,-200,-200,-200,-200,15,4
-200,-200,-69,-200,-200,-200,-200,-200,-200,-200,-200,-200,-200,15,4
-200,-80,-75,-200,-200,-200,-200,-200,-200,-200,-200,-200,-200,15,4
-200,-77,-71,-200,-200,-200,-200,-200,-200,-200,-200,-200,-200,15,4
-200,-78,-63,-200,-200,-200,-200,-200,-200,-200,-200,-200,-200,15,4
-200,-200,-66,-200,-200,-200,-200,-200,-200,-200,-200,-200,-200,15,4
-200,-80,-81,-200,-200,-200,-200,-200,-200,-200,-200,-200,-200,16,4
-200,-200,-71,-200,-200,-200,-200,-200,-200,-200,-200,-200,-200,16,4
-200,-81,-76,-200,-200,-200,-200,-200,-200,-200,-200,-200,-200,16,4
-200,-80,-75,-200,-200,-200,-200,-200,-200,-200,-200,-200,-200,16,4
-200,-200,-74,-200,-200,-82,-200,-200,-200,-200,-200,-200,-200,16,4
-200,-200,-66,-200,-200,-79,-200,-200,-200,-200,-200,-200,-200,16,4
-200,-200,-76,-200,-200,-200,-200,-200,-200,-200,-200,-200,-200,16,4
-200,-81,-75,-200,-200,-77,-200,-200,-200,-200,-200,-200,-200,16,4
-200,-200,-74,-200,-200,-200,-200,-200,-200,-200,-200,-200,-200,16,4
-200,-200,-72,-80,-200,-200,-200,-200,-200,-200,-200,-200,-200,17,4
-200,-78,-71,-81,-200,-200,-80,-200,-200,-200,-200,-200,-200,17,4
-200,-79,-72,-200,-200,-200,-81,-200,-200,-200,-200,-200,-200,17,4
-200,-200,-74,-200,-200,-200,-81,-200,-200,-200,-200,-200,-200,17,4
-200,-79,-74,-200,-200,-200,-200,-200,-200,-200,-200,-200,-200,17,4
-200,-200,-75,-200,-200,-200,-200,-200,-200,-200,-200,-200,-200,17,4
-200,-79,-200,-81,-200,-200,-200,-200,-200,-200,-200,-200,-200,17,4
-200,-200,-75,-80,-200,-200,-200,-200,-200,-200,-200,-200,-200,17,4
-200,-200,-74,-79,-200,-200,-200,-200,-200,-200,-200,-200,-200,17,4
-200,-200,-77,-200,-200,-200,-200,-200,-200,-200,-200,-200,-200,17,4
-200,-200,-200,-69,-200,-200,-200,-200,-200,-200,-200,-200,-200,18,4
-200,-200,-75,-77,-200,-200,-200,-200,-200,-200,-200,-200,-200,18,4
-200,-200,-200,-72,-200,-200,-200,-200,-200,-200,-200,-200,-200,18,4
-200,-200,-79,-69,-200,-200,-200,-200,-200,-200,-200,-200,-200,18,4
-200,-200,-80,-72,-200,-200,-200,-200,-200,-200,-200,-200,-200,18,4
-200,-200,-200,-61,-200,-200,-200,-200,-200,-200,-200,-200,-200,19,4
-200,-200,-200,-64,-200,-200,-200,-200,-200,-200,-200,-200,-200,19,4
-200,-200,-79,-66,-200,-200,-200,-200,-200,-200,-200,-200,-200,19,4
-200,-200,-80,-62,-200,-200,-200,-200,-200,-200,-200,-200,-200,19,4
-200,-200,-200,-59,-200,-200,-200,-200,-200,-200,-200,-200,-200,19,4
-200,-200,-200,-61,-200,-200,-200,-200,-200,-200,-200,-200,-200,19,4
-200,-200,-200,-69,-200,-200,-200,-200,-200,-200,-200,-200,-200,20,4
-200,-200,-200,-69,-200,-200,-200,-200,-200,-200,-200,-200,-200,20,4
-200,-200,-200,-67,-200,-200,-200,-200,-200,-200,-200,-200,-200,20,4
-200,-200,-200,-67,-200,-200,-200,-200,-200,-200,-200,-200,-200,20,4
-200,-200,-200,-68,-200,-200,-200,-200,-200,-200,-200,-200,-200,20,4
-200,-200,-200,-70,-200,-200,-200,-200,-200,-200,-200,-200,-200,20,4
-200,-200,-200,-72,-200,-200,-200,-200,-200,-200,-200,-200,-200,21,4
-200,-200,-200,-70,-200,-200,-200,-200,-200,-200,-200,-200,-200,21,4
-200,-200,-200,-70,-200,-200,-200,-200,-200,-200,-200,-200,-200,21,4
-200,-200,-200,-71,-200,-200,-200,-200,-200,-200,-200,-200,-200,21,4
-200,-200,-200,-67,-200,-200,-200,-200,-200,-200,-200,-200,-200,21,4
-200,-200,-200,-71,-200,-200,-200,-200,-200,-200,-200,-200,-200,21,4
-200,-200,-200,-71,-200,-200,-200,-200,-200,-200,-200,-200,-200,21,4
-200,-200,-200,-80,-200,-200,-200,-200,-200,-200,-200,-200,-200,21,3
-200,-200,-200,-78,-200,-200,-200,-200,-200,-200,-200,-200,-200,21,3
-200,-200,-200,-74,-200,-200,-200,-200,-200,-200,-200,-200,-200,21,3
-200,-200,-200,-72,-200,-200,-200,-200,-200,-200,-200,-200,-200,21,3
-200,-200,-200,-71,-200,-200,-200,-200,-200,-200,-200,-200,-200,21,3
-200,-200,-200,-70,-200,-200,-200,-200,-200,-200,-200,-200,-200,21,3
-200,-200,-200,-77,-200,-200,-200,-200,-200,-200,-200,-200,-200,21,3
-200,-200,-200,-73,-200,-200,-200,-200,-200,-200,-200,-200,-200,20,3
-200,-200,-200,-77,-200,-200,-200,-200,-200,-200,-200,-200,-200,20,3
-200,-200,-200,-78,-200,-200,-200,-200,-200,-200,-200,-200,-200,20,3
-200,-200,-200,-70,-200,-200,-200,-200,-200,-200,-200,-200,-200,19,3
-200,-200,-200,-73,-200,-200,-200,-200,-200,-200,-200,-200,-200,19,3
-200,-200,-200,-81,-200,-200,-200,-200,-200,-200,-200,-200,-200,19,3
-200,-200,-200,-70,-200,-200,-200,-200,-200,-200,-200,-200,-200,19,3
-200,-200,-200,-71,-200,-200,-200,-200,-200,-200,-200,-200,-200,19,3
-200,-200,-200,-70,-200,-200,-200,-200,-200,-200,-200,-200,-200,19,3
-200,-200,-200,-72,-200,-200,-200,-200,-200,-200,-200,-200,-200,19,3
-200,-200,-200,-69,-200,-200,-79,-200,-200,-200,-200,-200,-200,19,3
-200,-200,-200,-66,-200,-200,-200,-200,-200,-200,-200,-200,-200,19,3
-200,-200,-200,-66,-200,-200,-200,-200,-200,-200,-200,-200,-200,19,3
-200,-200,-200,-75,-200,-200,-78,-200,-200,-200,-200,-200,-200,18,3
-200,-200,-200,-78,-200,-200,-79,-200,-200,-200,-200,-200,-200,18,3
-200,-200,-200,-76,-200,-200,-200,-200,-200,-200,-200,-200,-200,18,3
-200,-200,-200,-72,-200,-200,-200,-200,-200,-200,-200,-200,-200,18,3
-200,-200,-200,-71,-200,-200,-200,-200,-200,-200,-200,-200,-200,18,3
-200,-200,-200,-78,-200,-200,-200,-200,-200,-200,-200,-200,-200,18,3
-200,-200,-200,-76,-200,-200,-200,-200,-200,-200,-200,-200,-200,18,3
-200,-200,-200,-76,-200,-200,-200,-200,-200,-200,-200,-200,-200,18,3
-200,-200,-200,-77,-200,-200,-200,-200,-200,-200,-200,-200,-200,18,3
-200,-200,-200,-74,-200,-200,-200,-200,-200,-200,-200,-200,-200,17,3
-200,-200,-200,-73,-200,-200,-200,-200,-200,-200,-200,-200,-200,17,3
-200,-200,-200,-75,-200,-200,-200,-200,-200,-200,-200,-200,-200,17,3
-200,-200,-200,-76,-200,-200,-200,-200,-200,-200,-200,-200,-200,17,3
-200,-200,-78,-77,-200,-200,-200,-200,-200,-200,-200,-200,-200,17,3
-200,-200,-200,-75,-200,-200,-200,-200,-200,-200,-200,-200,-200,17,3
-200,-200,-81,-82,-200,-200,-200,-200,-200,-200,-200,-200,-200,17,3
-200,-200,-200,-76,-200,-200,-200,-200,-200,-200,-200,-200,-200,17,3
-200,-200,-200,-77,-200,-200,-200,-200,-200,-200,-200,-200,-200,17,3
-200,-200,-200,-75,-200,-200,-200,-200,-200,-200,-200,-200,-200,16,3
-200,-200,-200,-76,-200,-200,-200,-200,-200,-200,-200,-200,-200,16,3
-200,-200,-81,-81,-200,-200,-200,-200,-200,-200,-200,-200,-200,16,3
-200,-200,-82,-200,-200,-200,-200,-200,-200,-200,-200,-200,-200,16,3
-200,-200,-79,-74,-200,-200,-200,-200,-200,-200,-200,-200,-200,16,3
-200,-200,-81,-73,-200,-200,-200,-200,-200,-200,-200,-200,-200,16,3
-200,-200,-77,-79,-200,-200,-200,-200,-200,-200,-200,-200,-200,15,3
-200,-200,-200,-77,-200,-200,-200,-200,-200,-200,-200,-200,-200,15,3
-200,-200,-75,-200,-200,-71,-200,-200,-200,-200,-200,-200,-200,15,3
-200,-200,-75,-81,-200,-200,-200,-200,-200,-200,-200,-200,-200,15,3
-200,-200,-70,-200,-200,-73,-200,-200,-200,-200,-200,-200,-200,15,3
-200,-200,-73,-200,-200,-77,-200,-200,-200,-200,-200,-200,-200,15,3
-200,-200,-72,-200,-200,-74,-200,-200,-200,-200,-200,-200,-200,15,3
-200,-200,-77,-200,-200,-82,-200,-200,-200,-200,-200,-200,-200,15,3
-200,-200,-80,-200,-200,-77,-200,-200,-200,-200,-200,-200,-200,15,3
-200,-200,-73,-200,-200,-74,-200,-200,-200,-200,-200,-200,-200,15,3
-200,-200,-66,-200,-200,-75,-200,-200,-200,-200,-200,-200,-200,14,3
-200,-200,-69,-200,-200,-73,-200,-200,-200,-200,-200,-200,-200,14,3
-200,-200,-80,-200,-200,-77,-200,-200,-200,-200,-200,-200,-200,14,3
-200,-200,-70,-200,-200,-77,-200,-200,-200,-200,-200,-200,-200,14,3
-200,-200,-68,-200,-200,-76,-200,-200,-200,-200,-200,-200,-200,14,3
-200,-200,-74,-81,-200,-75,-200,-200,-200,-200,-200,-200,-200,14,3
-200,-200,-71,-200,-82,-76,-200,-200,-200,-200,-200,-200,-200,14,3
-200,-200,-69,-200,-81,-78,-200,-200,-200,-200,-200,-200,-200,14,3
-200,-200,-73,-200,-200,-73,-200,-200,-200,-200,-200,-200,-200,13,3
-200,-200,-69,-200,-200,-73,-200,-200,-200,-200,-200,-200,-200,13,3
-200,-200,-63,-200,-200,-72,-200,-200,-200,-200,-200,-200,-200,13,3
-200,-200,-63,-200,-200,-72,-200,-200,-200,-200,-200,-200,-200,13,3
-200,-200,-65,-200,-80,-76,-200,-200,-200,-200,-200,-200,-200,13,3
-200,-200,-64,-200,-200,-78,-200,-200,-200,-200,-200,-200,-200,13,3
-200,-79,-74,-200,-200,-200,-200,-200,-200,-200,-200,-200,-200,12,3
-200,-76,-74,-200,-81,-200,-200,-200,-200,-200,-200,-200,-200,12,3
-200,-78,-79,-200,-200,-200,-200,-200,-200,-200,-200,-200,-200,12,3
-200,-78,-200,-200,-200,-200,-200,-200,-200,-200,-200,-200,-200,12,3
-200,-77,-78,-200,-200,-200,-200,-200,-200,-200,-200,-200,-200,12,3
-200,-77,-77,-200,-200,-200,-200,-200,-200,-200,-200,-200,-200,12,3
-200,-78,-200,-200,-200,-200,-200,-200,-200,-200,-200,-200,-200,11,3
-200,-76,-76,-200,-200,-200,-200,-200,-200,-200,-200,-200,-200,11,3
-200,-200,-81,-200,-200,-78,-200,-200,-200,-200,-200,-200,-200,11,3
-200,-73,-81,-200,-200,-200,-200,-200,-200,-200,-200,-200,-200,11,3
-200,-200,-78,-200,-200,-200,-200,-200,-200,-200,-200,-200,-200,11,3
-200,-73,-200,-200,-200,-200,-200,-200,-200,-200,-200,-200,-200,11,3
-200,-200,-82,-200,-200,-200,-200,-200,-200,-200,-200,-200,-200,11,3
-200,-81,-200,-200,-200,-200,-200,-200,-200,-200,-200,-200,-200,11,3
-200,-64,-75,-200,-200,-200,-200,-200,-200,-200,-200,-200,-200,10,3
-200,-64,-80,-200,-200,-200,-200,-200,-200,-200,-200,-200,-200,10,3
-200,-63,-200,-200,-200,-200,-200,-200,-200,-200,-200,-200,-200,10,3
-200,-65,-200,-200,-200,-200,-200,-200,-200,-200,-200,-200,-200,10,3
-200,-64,-200,-200,-200,-200,-200,-200,-200,-200,-200,-200,-200,10,3
-200,-78,-81,-200,-200,-200,-200,-200,-200,-200,-200,-200,-200,10,3
-200,-76,-81,-200,-200,-200,-200,-200,-200,-200,-200,-200,-200,10,3
-200,-66,-200,-200,-200,-200,-200,-200,-200,-200,-200,-200,-200,10,3
-200,-68,-77,-200,-200,-200,-200,-200,-200,-200,-200,-200,-200,9,3
-200,-70,-200,-200,-200,-200,-200,-200,-200,-200,-200,-200,-200,9,3
-200,-74,-78,-200,-200,-200,-200,-200,-200,-200,-200,-200,-200,9,3
-200,-72,-200,-200,-200,-200,-200,-200,-200,-200,-200,-200,-200,9,3
-200,-68,-200,-200,-200,-200,-200,-200,-200,-200,-200,-200,-200,9,3
-200,-75,-79,-200,-200,-200,-200,-200,-200,-200,-200,-200,-200,9,3
-200,-75,-78,-200,-200,-200,-200,-200,-200,-200,-200,-200,-200,9,3
-200,-74,-79,-200,-200,-200,-200,-200,-200,-200,-200,-200,-200,9,3
-200,-200,-200,-76,-200,-200,-200,-200,-200,-200,-200,-200,-200,21,2
-200,-200,-200,-74,-200,-200,-200,-200,-200,-200,-200,-200,-200,21,2
-200,-200,-200,-76,-200,-200,-200,-200,-200,-200,-200,-200,-200,21,2
-200,-200,-200,-75,-200,-200,-200,-200,-200,-200,-200,-200,-200,21,2
-200,-200,-200,-75,-200,-200,-200,-200,-200,-200,-200,-200,-200,21,2
-200,-200,-200,-77,-200,-200,-200,-200,-200,-200,-200,-200,-200,21,2
-200,-200,-200,-77,-200,-200,-200,-200,-200,-200,-200,-200,-200,21,2
-200,-200,-200,-79,-200,-200,-200,-200,-200,-200,-200,-200,-200,21,1
-200,-200,-200,-81,-200,-200,-200,-200,-200,-200,-200,-200,-200,21,1
-200,-200,-87,-81,-200,-200,-200,-200,-200,-200,-200,-200,-200,21,1
-200,-200,-200,-80,-200,-200,-200,-200,-200,-200,-200,-200,-200,21,1
-200,-87,-200,-200,-200,-200,-200,-200,-200,-200,-200,-200,-200,21,2
-200,-200,-200,-80,-200,-200,-200,-200,-200,-200,-200,-200,-200,20,1
-200,-200,-200,-79,-200,-200,-200,-200,-200,-200,-200,-200,-200,20,1
-200,-200,-200,-78,-200,-200,-200,-200,-200,-200,-200,-200,-200,19,2
-200,-200,-200,-74,-200,-200,-200,-200,-200,-200,-200,-200,-200,19,2
-200,-200,-200,-75,-200,-200,-200,-200,-200,-200,-200,-200,-200,19,2
-200,-200,-200,-76,-200,-200,-200,-200,-200,-200,-200,-200,-200,19,2
-200,-200,-200,-71,-200,-200,-200,-200,-200,-200,-200,-200,-200,19,2
-200,-200,-200,-74,-200,-200,-200,-200,-200,-200,-200,-200,-200,19,2
-200,-200,-200,-72,-200,-200,-200,-200,-200,-200,-200,-200,-200,19,2
-200,-200,-200,-79,-200,-200,-200,-200,-200,-200,-200,-200,-200,19,1
-200,-200,-200,-78,-200,-200,-200,-200,-200,-200,-200,-200,-200,19,1
-200,-200,-200,-77,-200,-200,-200,-200,-200,-200,-200,-200,-200,19,1
-200,-200,-200,-78,-200,-200,-200,-200,-200,-200,-200,-200,-200,19,1
-200,-200,-200,-78,-200,-200,-200,-200,-200,-200,-200,-200,-200,19,1
-200,-200,-200,-74,-200,-200,-200,-200,-200,-200,-200,-200,-200,19,1
-200,-200,-200,-73,-200,-200,-200,-200,-200,-200,-200,-200,-200,19,1
-200,-200,-200,-76,-200,-200,-200,-200,-200,-200,-200,-200,-200,19,1
-200,-200,-200,-76,-200,-200,-200,-200,-200,-200,-200,-200,-200,19,1
-200,-200,-200,-77,-200,-200,-200,-200,-200,-200,-200,-200,-200,19,1
-200,-200,-200,-74,-200,-200,-200,-200,-200,-200,-200,-200,-200,19,1
-200,-200,-200,-69,-200,-200,-200,-200,-200,-200,-200,-200,-200,18,2
-200,-200,-200,-70,-200,-200,-200,-200,-200,-200,-200,-200,-200,18,2
-200,-200,-200,-78,-200,-200,-200,-200,-200,-200,-200,-200,-200,18,2
-200,-200,-200,-72,-200,-200,-200,-200,-200,-200,-200,-200,-200,18,2
-200,-200,-200,-76,-200,-200,-200,-200,-200,-200,-200,-200,-200,18,2
-200,-200,-200,-74,-200,-200,-200,-200,-200,-200,-200,-200,-200,18,2
-200,-200,-200,-78,-200,-200,-200,-200,-200,-200,-200,-200,-200,18,2
-200,-200,-200,-76,-200,-200,-200,-200,-200,-200,-200,-200,-200,18,2
-200,-200,-200,-78,-200,-200,-200,-200,-200,-200,-200,-200,-200,18,2
-200,-200,-200,-78,-200,-200,-200,-200,-200,-200,-200,-200,-200,18,1
-200,-200,-200,-81,-200,-200,-200,-200,-200,-200,-200,-200,-200,18,1
-200,-200,-200,-78,-200,-200,-200,-200,-200,-200,-200,-200,-200,18,1
-200,-200,-200,-80,-200,-200,-200,-200,-200,-200,-200,-200,-200,18,1
-200,-200,-200,-75,-200,-200,-200,-200,-200,-200,-200,-200,-200,18,1
-200,-200,-200,-75,-200,-200,-200,-200,-200,-200,-200,-200,-200,18,1
-200,-200,-200,-79,-200,-200,-200,-200,-200,-200,-200,-200,-200,18,1
-200,-200,-200,-78,-200,-200,-200,-200,-200,-200,-200,-200,-200,18,1
-200,-200,-200,-78,-200,-200,-200,-200,-200,-200,-200,-200,-200,18,1
-200,-200,-200,-73,-200,-200,-200,-200,-200,-200,-200,-200,-200,17,2
-200,-200,-200,-74,-200,-200,-200,-200,-200,-200,-200,-200,-200,17,2
-200,-200,-80,-200,-200,-200,-200,-200,-200,-200,-200,-200,-200,17,2
-200,-200,-200,-71,-200,-200,-200,-200,-200,-200,-200,-200,-200,17,2
-200,-200,-78,-78,-200,-200,-200,-200,-200,-200,-200,-200,-200,17,1
-200,-200,-77,-77,-200,-200,-200,-200,-200,-200,-200,-200,-200,17,1
-200,-200,-81,-77,-200,-200,-200,-200,-200,-200,-200,-200,-200,17,1
-200,-200,-76,-77,-200,-200,-200,-200,-200,-200,-200,-200,-200,17,1
-200,-200,-200,-78,-200,-200,-200,-200,-200,-200,-200,-200,-200,17,1
-200,-200,-200,-80,-200,-200,-200,-200,-200,-200,-200,-200,-200,17,1
-200,-81,-200,-200,-200,-200,-200,-200,-200,-200,-200,-200,-200,16,2
-200,-200,-81,-200,-200,-200,-200,-200,-200,-200,-200,-200,-200,16,2
-200,-200,-78,-200,-200,-200,-200,-200,-200,-200,-200,-200,-200,16,2
-200,-200,-81,-200,-200,-200,-200,-200,-200,-200,-200,-200,-200,16,2
-200,-200,-85,-200,-200,-200,-200,-200,-200,-200,-200,-200,-200,16,2
-200,-200,-79,-200,-200,-78,-200,-200,-200,-200,-200,-200,-200,16,1
-200,-200,-81,-200,-200,-200,-200,-200,-200,-200,-200,-200,-200,16,1
-200,-200,-200,-200,-200,-78,-200,-200,-200,-200,-200,-200,-200,16,1
-200,-200,-200,-200,-200,-78,-200,-200,-200,-200,-200,-200,-200,16,1
-200,-200,-200,-200,-200,-78,-200,-200,-200,-200,-200,-200,-200,16,1
-200,-200,-81,-200,-200,-200,-200,-200,-200,-200,-200,-200,-200,16,1
-200,-200,-200,-200,-200,-79,-200,-200,-200,-200,-200,-200,-200,16,1
-200,-200,-200,-200,-200,-79,-200,-200,-200,-200,-200,-200,-200,15,2
-200,-200,-200,-200,-200,-78,-200,-200,-200,-200,-200,-200,-200,15,2
-200,-200,-76,-200,-79,-78,-200,-200,-200,-200,-200,-200,-200,15,2
-200,-200,-200,-200,-80,-200,-200,-200,-200,-200,-200,-200,-200,15,2
-200,-200,-200,-200,-200,-81,-200,-200,-200,-200,-200,-200,-200,15,2
-200,-200,-200,-200,-200,-78,-200,-200,-200,-200,-200,-200,-200,15,1
-200,-200,-78,-200,-200,-78,-200,-200,-200,-200,-200,-200,-200,14,2
-200,-200,-71,-200,-200,-77,-200,-200,-200,-200,-200,-200,-200,14,2
-200,-200,-200,-200,-200,-77,-200,-200,-200,-200,-200,-200,-200,14,2
-200,-200,-77,-200,-200,-78,-200,-200,-200,-200,-200,-200,-200,14,2
-200,-200,-75,-200,-200,-75,-200,-200,-200,-200,-200,-200,-200,14,2
-200,-200,-78,-200,-200,-78,-200,-200,-200,-200,-200,-200,-200,14,2
-200,-200,-76,-200,-200,-200,-200,-200,-200,-200,-200,-200,-200,14,1
-200,-200,-78,-200,-200,-73,-200,-200,-200,-200,-200,-200,-200,14,1
-200,-200,-200,-200,-200,-73,-200,-200,-200,-200,-200,-200,-200,14,1
-200,-81,-78,-200,-200,-74,-200,-200,-200,-200,-200,-200,-200,14,1
-200,-200,-80,-200,-200,-200,-200,-200,-200,-200,-200,-200,-200,14,1
-200,-200,-200,-200,-200,-79,-200,-200,-200,-200,-200,-200,-200,14,1
-200,-200,-77,-200,-200,-200,-200,-200,-200,-200,-200,-200,-200,13,2
-200,-200,-74,-200,-200,-76,-200,-200,-200,-200,-200,-200,-200,13,2
-200,-200,-79,-200,-200,-200,-200,-200,-200,-200,-200,-200,-200,13,2
-200,-200,-200,-200,-200,-75,-200,-200,-200,-200,-200,-200,-200,13,2
-200,-200,-200,-200,-200,-76,-200,-200,-200,-200,-200,-200,-200,13,2
-200,-200,-200,-200,-200,-76,-200,-200,-200,-200,-200,-200,-200,13,2
-200,-200,-79,-200,-200,-78,-200,-200,-200,-200,-200,-200,-200,13,2
-200,-200,-78,-200,-200,-200,-200,-200,-200,-200,-200,-200,-200,13,1
-200,-200,-76,-200,-200,-200,-200,-200,-200,-200,-200,-200,-200,13,1
-200,-200,-78,-200,-200,-200,-200,-200,-200,-200,-200,-200,-200,13,1
-200,-200,-75,-200,-200,-80,-200,-200,-200,-200,-200,-200,-200,13,1
-200,-200,-76,-200,-200,-200,-200,-200,-200,-200,-200,-200,-200,13,1
-200,-200,-200,-200,-200,-80,-200,-200,-200,-200,-200,-200,-200,12,2
-200,-200,-200,-200,-200,-80,-200,-200,-200,-200,-200,-200,-200,12,2
-200,-200,-200,-200,-200,-79,-200,-200,-200,-200,-200,-200,-200,12,2
-200,-81,-78,-200,-200,-200,-200,-200,-200,-200,-200,-200,-200,12,1
-200,-200,-76,-200,-200,-200,-200,-200,-200,-200,-200,-200,-200,12,1
-200,-200,-79,-200,-200,-80,-200,-200,-200,-200,-200,-200,-200,12,1
-200,-79,-200,-200,-200,-200,-200,-200,-200,-200,-200,-200,-200,11,2
-200,-81,-200,-200,-200,-200,-200,-200,-200,-200,-200,-200,-200,11,2
-200,-84,-200,-200,-200,-200,-200,-200,-200,-200,-200,-200,-200,11,2
-200,-200,-200,-200,-200,-79,-200,-200,-200,-200,-200,-200,-200,11,1
-200,-68,-200,-200,-200,-200,-200,-200,-200,-200,-200,-200,-200,10,2
-200,-75,-200,-200,-200,-200,-200,-200,-200,-200,-200,-200,-200,10,2
-200,-73,-200,-200,-200,-200,-200,-200,-200,-200,-200,-200,-200,10,2
-200,-72,-80,-200,-200,-200,-200,-200,-200,-200,-200,-200,-200,10,2
-200,-74,-200,-200,-200,-200,-200,-200,-200,-200,-200,-200,-200,9,2
-200,-67,-200,-200,-200,-200,-200,-200,-200,-200,-200,-200,-200,9,2
-200,-66,-200,-200,-200,-200,-200,-200,-200,-200,-200,-200,-200,9,2
-200,-66,-200,-200,-200,-200,-200,-200,-200,-200,-200,-200,-200,9,2
-200,-67,-200,-200,-200,-200,-200,-200,-200,-200,-200,-200,-200,9,2
-200,-65,-200,-200,-200,-200,-200,-200,-200,-200,-200,-200,-200,9,2
-200,-79,-200,-200,-200,-80,-200,-200,-200,-200,-200,-200,-200,10,1
-200,-66,-200,-200,-200,-200,-200,-200,-200,-200,-200,-200,-200,10,1
-200,-200,-200,-200,-200,-79,-200,-200,-200,-200,-200,-200,-200,10,1
-200,-68,-200,-200,-200,-200,-200,-200,-200,-200,-200,-200,-200,10,1
-200,-70,-200,-200,-200,-200,-200,-200,-200,-200,-200,-200,-200,9,1
-200,-76,-200,-200,-200,-200,-200,-200,-200,-200,-200,-200,-200,9,1
-200,-72,-200,-200,-200,-200,-200,-200,-200,-200,-200,-200,-200,9,1
-200,-67,-200,-200,-200,-200,-200,-200,-200,-200,-200,-200,-200,9,1
-200,-79,-200,-200,-200,-200,-200,-200,-200,-200,-200,-200,-200,9,1
-200,-75,-200,-200,-200,-200,-200,-200,-200,-200,-200,-200,-200,9,1
